ID,Answer
0,長劍
1,《諸羅縣志》
2,袁晁率起義軍
3,柏林陸軍學院
4,長盤勝負
5,聶耳
6,1889年
7,西漢的版圖向西擴張
8,巴黎
9,有所更改
10,周星馳
11,秀吉
12,旅客造成相當程度的困擾，在無障礙環境
13,預測
14,2007年
15,硫-34
16,青壯派反共份子如休伯特•漢弗萊
17,
18,經濟
19,7920公里/小時
20,愛爾蘭語
21,荷蘭
22,硫化物
23,塞爾維亞反對黨
24,1910年代
25,外交活動，拜占庭政府中的蠻族事務局，可以說是史上第一個處理外交事務的中央單位，藉由收集帝國內部民族的重要消息來提供正確的外交決策判斷
26,拉丁文[UNK]
27,猶太門徒
28,1964年
29,
30,文化大革命
31,《名人傳》
32,灣仔區
33,振州
34,約翰·布蘭豪
35,1964年
36,新北市
37,小白宮
38,不能說有保障
39,南人
40,南宋
41,
42,2倍
43,1070年
44,社會保障法規
45,第一教學樓
46,1929年
47,郵票
48,1932年
49,[UNK]商場
50,廣選妃嬪
51,武大舉行了110周年校慶
52,長年
53,刺殺
54,希臘
55,基督教
56,阿爾法版本
57,100萬
58,新北市
59,中文網
60,王太子
61,中國國民黨
62,中生代侏羅紀
63,阿拉貢國王卡洛斯三世
64,熱帶雨林氣候
65,遣使如漢」。與此同時，高句麗對樂浪郡、玄菟郡和遼東多次發動攻勢，意圖完全擺脫漢朝的控制
66,
67,
68,前蘇聯[UNK]-15
69,弘治十二年
70,中國
71,2010年成功上市。截至2016年
72,美國
73,氦
74,麻六甲和日本
75,用地
76,大樓的朴吉龍和設計高麗大學校主樓
77,他
78,羽柴秀吉
79,俾斯麥
80,金泳三
81,1958年
82,靈魂
83,科龍港
84,[UNK]公
85,四次重差觀測術
86,西漢元封二年
87,隋滅南陳
88,佛教
89,1861年
90,豐臣秀吉
91,三吳
92,瓦解
93,大躍進運動
94,武漢水利電力大學
95,荷蘭語
96,1934年
97,檸檬酸咖啡因治療。使用檸檬酸咖啡因療法
98,1876年，在英國攻讀法律，他以熱心的英國自由黨人身份返回印度並加入國大黨，1913年
99,1949年
100,大象
101,1915年
102,1000年至1600年
103,根據
104,
105,芝諾比亞
106,李[UNK]率
107,43
108,佛學論書
109,農林學院
110,歐登堡
111,三天
112,1944年
113,曼努埃爾二世
114,巴夏禮
115,哈林河
116,孟加拉
117,尹伊桑
118,中原
119,荷蘭語
120,威廉·洛厄爾·普特南
121,秘書長
122,伊斯蘭王國
123,雷家驥
124,安原王繼位
125,未標準化
126,四百公尺
127,1939年
128,兵力應付俄國
129,福建林家
130,用來運貨
131,民主黨
132,西人黨
133,2013年
134,歐亞
135,查莫洛人
136,杭縣
137,蘇聯國旗
138,全
139,1939年
140,高速攝影
141,點石齋畫報
142,南越
143,1988年
144,上吊方式
145,麥高文
146,水鐘
147,
148,阿拉里克
149,德蘇戰爭
150,閏盤
151,月份
152,1949年
153,蘇聯政府拒絕干涉這一事件。這場革命結束了統一社會黨專制
154,清光緒十七年
155,康氏鯨龍與短體鯨龍之間有足夠的不同處，足以成立個別的屬。曼特爾最初打算將牠們命名為[UNK]
156,持續政治與社會上的強勢控制
157,六個月
158,乙醚
159,唐太宗
160,卡爾梅克人
161,1969年初
162,63位
163,姓
164,古希臘時代
165,斯瓦希里語也是盧安達人廣泛使用的語言，特別是在農村地區。此外，生活在寇伯島上的居民會說一種名為「[UNK]
166,填海得來
167,汪兆銘
168,農業
169,[UNK]
170,1870年8月2日
171,1999年
172,《天淨沙》
173,美國更推出外型與突擊步槍相似、採用可拆式彈匣的全自動霰彈槍[UNK]-12自動霰彈槍，其後
174,公元68年
175,趙佗
176,
177,岑智明
178,法國發動，最後以普魯士大獲全勝
179,1610年1月7日
180,強力政府
181,28歲
182,1978年，改設晉中地區行政公署。1983年，榆次市縣合併，成立新的縣級榆次市。1992年，介休縣改為縣級介休市。2000年10月
183,保加利亞
184,三大優點
185,10度
186,日本社會黨
187,蘇聯
188,波士頓
189,1992年
190,持球手反手擊球，控制的範圍大，便於偽裝放小球
191,屯田兵制度
192,明朝
193,文藝復興
194,2000年
195,1998年
196,南中國珠江中游的聚落地帶，另有考古發現在約西元前8200年前的中國湖南
197,德
198,航運
199,阿森納女子足球俱樂部
200,一黨優勢制
201,居民
202,1920年
203,美元有正式
204,多倫多
205,軌道上驅動列車
206,彌爾
207,反貪污特警隊
208,艾瑪·史東
209,連續函式
210,百濟
211,國王亞歷山大一世
212,威尼斯影展
213,真空帶
214,新北市
215,聯盟合作
216,甲午戰爭
217,克孜勒
218,三分天災
219,好在歷史是人民寫
220,美觀
221,駐廠商多與興大相關系所合作，是台灣機械產業的創新園區
222,西部
223,1982年
224,1449年
225,統治者頭銜，為部落最高領袖或皇帝
226,斯洛伐克境內
227,
228,
229,2006年
230,沒有
231,中國衛生部對規範器官移植、禁止人體器官買賣制定了新規定，並於同年7月1日正式實施；2007年4月6日，中國國務院公布了《人體器官移植條例》
232,元世祖在與阿里不哥作戰與整頓國內之際，因為無暇對付南宋，於是派郝經對南宋提出高壓的議和內容。當時南宋的宋恭帝僅五歲，由謝太后垂簾聽政，大權由謊稱擊退蒙古軍的賈似道掌握。由於賈似道畏懼謊言被擊破而幽禁郝經。南宋並於1262年
233,澎湖
234,三倍
235,自身的重力繼續向內坍縮
236,颱風
237,2014年
238,1968年
239,2915.7億美元，外匯儲量世界第六
240,學業壓力
241,彭水
242,現代化建築
243,阿美族
244,黑死病
245,2007年
246,
247,同性戀
248,2001年
249,波士頓塞爾提克隊
250,溥[UNK]
251,軍事家
252,決勝局必定是單數局
253,廣東省政府委員會
254,韓國遊戲
255,1951年
256,拉丁字母為基礎的拼音方案，是為漢語拼音方案
257,1984年
258,天橋上的車站
259,下薩克森邦
260,
261,商業及人均[UNK]都不如東南亞的大城市，所以此時南洋的福建人
262,全勝紀錄
263,利用小型雷達測距儀追蹤目標的距離
264,哥白尼日心說
265,缺氧
266,雍正年間皇帝
267,明朝
268,1848年
269,1954年，中華民國政府與美國簽訂《中美共同防禦條約》。到1971年
270,
271,共同民主黨
272,《南華早報》
273,酸性
274,佛像
275,阿聯
276,交通基建
277,62支，1942年1月1日下降到6支，但到1943年2月上升到34支，1944年新年時上升到161支。前線步兵師
278,福松
279,天狼星在東方地平線
280,自律心肌細胞
281,1985年
282,德語地區
283,女神大橋
284,1237年
285,帝國
286,劉裕入
287,奧地利
288,美國律師協會
289,1654年
290,清代
291,美川王
292,梁啟超
293,日本
294,1998年1月1日
295,太陽
296,孟懷玉
297,鈣離子
298,
299,羅納爾迪尼奧
300,秦軍對峙[UNK]水
301,火山活動
302,君士坦丁·波菲洛格尼圖斯
303,拉丁字母
304,提升飛機的飛行安全
305,丁基羥基甲苯
306,軍事圍剿
307,斯德哥爾摩
308,第三紀中新世
309,中華民國
310,高麗時期
311,靳雲鵬
312,1958年
313,外國家
314,446種
315,曹魏故都智慧之旅
316,威廉港
317,布爾什維克革命
318,民主黨
319,邊沁的效益主義思想，指出倫理學領域的終極問題解決完全可訴諸效益主義原則，綜合前人理論彌爾
320,紅色、藍色或綠色的視錐細胞
321,1928年
322,現貨
323,十多個
324,300美元
325,郭松齡倒戈反奉後，奉系情況危急，張壓力過大借毒排愁，因此漸漸吸毒成癮。1928年夏，張決心戒掉鴉片，聽了楊宇霆
326,潘錫元
327,元世祖
328,匿蹤性能較佳：全行程
329,數學
330,亞熱帶季風氣候
331,家庭以及什麼原因都是自殺動機?[SEP]日本警察廳公布自殺統計顯示，2000年後已經連續14年有超過3萬人自殺。2009年日本全國自殺人數暫定值32753人中，男性為23406人，女性為9347人，比2008年再增504人。從月份
332,區分不同輔音
333,朱一貴
334,愛爾蘭島
335,發球失誤
336,銃炮
337,1959年
338,1980年代
339,凱·艾維
340,高句麗
341,1980年
342,《聖經》拉丁文譯本，由耶柔米自希伯來文
343,第四心音
344,2010年
345,武漢
346,1868年
347,托土拉島
348,美國
349,倫敦奈米技術中心
350,騎山路
351,
352,1973年
353,突厥
354,三菱重工業長崎造船廠
355,南斯拉夫人
356,金融、法律、通訊和交通行業，還有非洲第2大的證券交易所。按購買力
357,硫
358,丹尼索瓦人混血
359,漢文明
360,中國
361,2001年
362,骨質外殼包著的管狀結構，捲曲數圈呈蝸牛狀
363,空軍
364,1954年
365,韓國
366,維京戈達島
367,1955年
368,史都華中校
369,1910年
370,中亞
371,花剌子模
372,1958年
373,1928年
374,環境保護
375,巴爾
376,中華民國
377,社團部
378,聲明她會與托爾金結婚
379,郵票
380,加封孔子
381,楊浦區大連路的地鐵站2號口
382,2005年
383,中國
384,哥白尼
385,
386,雙循環泵
387,1809年
388,
389,民國32年
390,害怕德軍在東線戰線上沒有足夠兵力應付俄國
391,幅員遼闊
392,伯克制
393,上限
394,國家起源說
395,路易·巴斯德
396,中部科學園區
397,辛亥革命爆發後，廣東於宣統三年九月十九日
398,1991年
399,國語詩歌
400,第二次工業革命
401,突厥語
402,
403,坎貝爾
404,8小時
405,樂壇女王
406,民國16年
407,國立廣東大學
408,榮譽感
409,六億七千多萬美金
410,妖怪
411,文峰塔
412,中文
413,酸鹼值
414,混亂
415,阿爾泰語系
416,清太宗皇太極派遣努爾哈赤
417,信陽
418,1000多年
419,吉米·史都華，美國電影、電視、舞台劇演員、美國空軍准將。詹姆斯·史都華文武全才
420,日冕
421,預測
422,媽祖
423,鮑德溫伯爵
424,周恩來組織領導了國民經濟的恢復工作，到1952年底，全國工農業總產值均達到歷史的最高水平。1953年至1957年第一個五年計劃期間，周恩來領導了以156個建設項目
425,15米
426,旅遊業
427,雲騎尉
428,好
429,2005年9月
430,太陽
431,那拉氏
432,辛酉政變
433,銅
434,統一企業
435,2013年1月1日00:30:00是儒略日期2456293.520833
436,生物學
437,陳誠任
438,孫中山
439,單獨媾和
440,工業
441,中原大戰
442,1978年
443,天皇
444,680.48
445,複合，該遺址是文化中心。蒙德維爾
446,嘉義市
447,農業
448,氣流機制是通過聲道的氣流的產生機制。在大多數語言中，所有輔音都採取肺呼氣機制
449,五角星
450,帝國
451,
452,阿28
453,匿蹤性能較佳
454,
455,1919年
456,妻子[UNK]閉眼
457,
458,伯克制
459,臺南州
460,布朗茜
461,南緯30度。其主要分布於大陸內陸區或背風的山區
462,1867年
463,大滿貫男子單打比賽
464,中華人民共和國
465,保守派
466,[UNK]
467,《全唐詩》
468,1911年
469,1982年
470,七年
471,荷蘭共和國
472,大門
473,梁朝偉
474,吳三連
475,1918年
476,孔祥熙
477,
478,掃雷艇部隊
479,元世祖過度漢化
480,赦免權
481,民國15年
482,1952年
483,更早
484,五胡
485,動力系統
486,光明星4號
487,烏孜別克人
488,2555公里
489,國共內戰
490,玄菟郡
491,茲維亞德·加姆薩胡爾季阿
492,中文
493,飛機
494,荀子
495,明朝
496,1935年
497,雙北合作交流平台
498,可以有多部電腦介入飛控系統操作
499,中國政法大學
500,瓜拿納
501,二戰時期
502,水冰
503,中國
504,民國4年12月25日
505,馬麗娜·甘巴
506,1992年
507,共產主義
508,呂訥堡石楠草原南部的貝爾根
509,太白
510,燕王朱棣起兵反叛侄兒建文帝朱允[UNK]
511,網速
512,低稅賦
513,小選舉區制
514,科索沃
515,
516,自由放任
517,綠色工業
518,四年
519,段祺瑞
520,喬治麥高文參選，麥高文以他鮮明的反戰立場為號召，主張立即從越南撤軍，並保障所有美國人的最低收入。麥高文
521,中永和、新店
522,1925年
523,蝸頂
524,1960年代
525,國人民銀行發出通知，擴大了銀行間即期外匯市場非美元貨幣對人民幣交易價的浮動幅度，從原來的上下1.5%擴大到上下3%
526,[UNK]/[UNK]-63雷達
527,1884年
528,
529,海外
530,
531,整理遺產
532,生殖器官
533,經濟建設
534,《中華民國臨時約法》
535,香港傳統粥店則會提供炸兩滑腸粉，是在腸粉內包上油條；粥店也有淨腸粉，也是一種街頭小吃，經常配以甜醬、辣醬、芝麻食用。蘿蔔糕為中國南方
536,
537,帕吉勒提河
538,「西南美麗的地方」。1957年設楚雄彝族自治州
539,天
540,開羅
541,1932年
542,許榮茂
543,民國四年
544,多倫多運輸局
545,古
546,柵欄
547,1898年
548,進出口貿易
549,查爾斯
550,唐太宗
551,健康寫實電影
552,1956年7月
553,矮星
554,中生代
555,伊爾庫茨克國立大學
556,泰赤烏
557,23406人
558,1789年
559,剛
560,金華。民國二十七年初又遷至永康方巖
561,
562,強盛大國元年
563,馬[UNK]兼任首任局長，中共中央紀委常委屈萬祥
564,總兵官
565,阿普列尤斯
566,哈大客運專線
567,漢風魏韻
568,自然科學
569,反文化運動
570,英國啟用，是以馬匹拉動的，稱為公共馬車。隨後於19世紀上半葉出現在美國
571,宗御封
572,轟炸機
573,命中率
574,中國大陸
575,中世紀
576,耳蝸核
577,刺史
578,18個
579,至元二十九年
580,自由派
581,庫頁島
582,陶瓷
583,1980年代
584,德國
585,法屬路易斯安那
586,1918年
587,叔叔來到中國，在其口述並由魯斯蒂謙
588,9年
589,玫瑰盃
590,1941年2月1日
591,101公里
592,國務院常務會議
593,低
594,喬治亞共和國
595,1943年
596,對立逐步升級
597,足式臀位
598,聯邦制
599,韓國
600,傷員人數過多
601,希臘
602,瀕危物種
603,史都華
604,公民權
605,智慧地使用冷氣
606,極端大陸性氣候
607,金華
608,1928年
609,[UNK]段
610,霍布斯
611,1897年
612,中山盛產海鹽
613,中國人民銀行籌備處
614,市場分析
615,滬寧鐵路上海站
616,2006年
617,家庭喜劇片
618,
619,
620,
621,規劃學院
622,史彌遠
623,社會民主黨
624,傳播色情
625,
626,哈大客運專線
627,第一區
628,忠誠
629,1982年
630,庄[UNK]
631,以東地區，即韓國江原道的稱呼。湖南地區是錦江以南全羅南道和全羅北道
632,譴責外蒙古企圖分裂中華民國
633,義大利的宮廷大臣諾加萊在教皇駐地
634,衝擊朝鮮半島
635,東晉常[UNK]
636,1936年
637,預言
638,非商用
639,五桂山
640,
641,嘉義市
642,農業
643,29個
644,民國29年
645,10月23日
646,人傳》
647,元音
648,第二次世界大戰
649,5000
650,薩羅尼加賣給威尼斯
651,2015年年底前
652,古漢語文言文
653,22年
654,阿列克修斯三世
655,尼安三世
656,
657,1937年
658,1964年
659,高麗
660,油氣
661,外太空
662,廣選妃嬪
663,喀喇汗國
664,第一區
665,1925年
666,
667,九一八事變
668,春秋
669,宗教信仰和習俗的總稱。更具體的，包括舊石器時代、中石器時代、新石器時代和青銅時代的宗教
670,閩江口
671,1978年
672,牟定縣
673,全國版圖
674,中央窩
675,君士坦丁·波菲洛格尼圖斯
676,殖民主義
677,奧德
678,22℃
679,80公尺
680,積極性
681,麥克萊倫
682,赤城鎮政府街1號。赤城縣位於白河上游
683,
684,羅非魚
685,潘普洛納
686,水質好
687,1848年
688,《諸羅縣志》
689,杜林
690,第265任
691,一盤中戰至6比6時
692,民國39年
693,河南省郵電印刷廠與遼寧省瀋陽郵電印刷廠。德國聯邦印刷所早在100多年前就已經承擔了為德國國民印製郵票的任務，而且它是德國唯一的授權郵票印刷所
694,媾和
695,超新星
696,全斗煥
697,2007年
698,勝利鐘
699,司法結構，其中多半以此前的索馬利亞政府司法系統
700,382年
701,軍隊編制問題
702,劉銘傳
703,
704,1
705,何韻詩
706,1923年
707,阿拉伯語
708,2009年
709,湘西土家族苗族自治州
710,韓當等
711,可可鹼
712,巴克特里亞王國
713,金礪
714,
715,公共健康與醫學
716,《新基本法令》
717,1962年
718,洪武三十一年
719,越南
720,奧匈帝國
721,匈奴帝國
722,白矮星
723,咖啡因
724,[UNK]騎大將軍司馬元顯下令討伐荊州刺史桓玄
725,階梯狀
726,
727,6個小時
728,1986年
729,合法
730,郭沫若
731,90年代
732,金日成
733,第5
734,吉爾·德·萊斯
735,西班牙瓦倫西亞
736,1787年
737,朱元璋
738,荊州
739,1898年
740,守舊派
741,蘇聯
742,李[UNK]早夭
743,中生代
744,史達林
745,中國
746,共和黨
747,抑制人口增加而實行的計劃生育
748,蘇聯
749,中華人民共和國國務院
750,維多利中心
751,25[UNK]35天
752,對第一期作水稻增產10％
753,華人富有
754,5～8％
755,日本
756,分子雲
757,鮮卑
758,鮑德溫伯爵
759,1918年
760,1939年
761,巡閱使
762,北馬利安納群島
763,1970年
764,威斯康辛大學麥迪遜分校
765,乾燥
766,格拉喀喇可汗
767,奢侈品
768,資格賽賽制
769,
770,民國16年
771,13世紀
772,元聖
773,周恩來
774,馬略的軍事改革對羅馬歷史的發展有著深遠影響。改革擴大了兵源，增強了軍隊戰鬥力，但同時也使軍隊性質逐漸發生變化，為日後的軍閥出現以及軍事獨裁的建立奠定了基礎，馬略一
775,至元十三年
776,
777,70年代
778,圖西族
779,聖餐持紀念說
780,自殺者
781,《三國志》記載，[UNK]的「言語法俗大抵與句麗同
782,低倍率望遠鏡
783,長沙太守
784,物質
785,2002年
786,上海
787,保羅·卡加梅，於2000年上任。與鄰國
788,乙氧基乙烷
789,
790,兄弟國的盟約
791,2011年
792,硫
793,1979年
794,義大利
795,江南社會
796,卡拉恰伊湖
797,宋理宗
798,阿蘭王國的海軍強大，不停從海路襲擊西羅馬帝國
799,南京
800,共和黨
801,日本
802,二戰
803,1976年
804,
805,1949年
806,麻省理工學院
807,
808,
809,礦產資源
810,1449年
811,1970年
812,隆武帝
813,驅逐艦
814,孫叔敖造田興水
815,《哈比人歷險記》
816,雙汗制
817,482年
818,民權
819,中華人民共和國成立後，將留置在大陸的原中華全國體育協進會
820,極端
821,《武狀元蘇乞兒
822,1956年
823,《產假和保護婦女兒童權利法》
824,蔡素玉
825,馬跡山
826,韓國
827,人民頻繁的遷移
828,公元7世紀
829,非法
830,保證共和派
831,匈牙利
832,1979年
833,高句麗
834,寧都會議
835,
836,古埃及以天狼星在東方地平線的出現，預示尼羅河氾濫的日子。中國商朝
837,1941年
838,妖怪學
839,1987年起由韓國國民直接選舉產生，任期5年
840,[UNK][UNK]
841,黃河
842,關漢卿
843,張學良
844,佐世保漢堡
845,主序帶
846,厄德
847,整個站體都位於天橋上的車站
848,2007年
849,35號決議
850,金石並用時代
851,天皇
852,朝鮮白頭山
853,德國人
854,2007年
855,羅馬帝國
856,恆星
857,第一目擊者
858,生物
859,1988年
860,韓國
861,祖沖之
862,東非共同體
863,成長
864,阿瓦魯阿
865,袁世凱
866,基因特質
867,印地語
868,哥白尼
869,清康熙帝
870,撒下稻種後
871,宮口擴張期
872,民國43年
873,地質類學科專業
874,黨籍
875,咖啡因
876,
877,1998年，金大中執政後對朝鮮實行了「陽光政策」，並在2000年6月
878,韓國高鐵
879,美西戰爭
880,尊漢思想
881,蒂羅爾
882,戀人
883,開架式販售
884,1910年革命
885,洛邑
886,漢禮
887,杜慧度
888,憲政
889,中期英國
890,斯塔福德郡小海伍德村
891,義熙十四年
892,劉少奇
893,2000年
894,小學
895,人類想像與傳說
896,國家安全局
897,2008年
898,1989年
899,氫燃料
900,天然地
901,馬可波羅
902,新羅馬
903,上海鐵路局
904,離岸人民幣
905,倫敦條約》
906,第四次迦太基大會
907,精子庫
908,太陽
909,加拿大軍隊
910,120天
911,1950年代
912,文藝復興運動
913,性犯罪
914,文藝復興式
915,
916,1590年
917,1985到1989年
918,埃姆斯蘭到博特羅普
919,民主德國廣播電台是自1952年到德國統一期間東德的官方廣播電台。東德官方的對外廣播電台是柏林國際廣播電台
920,銀河部分。但是有些距離地球一億光年遠，在室女座星系團哎母100星系內的恆星也被觀測到。在本超星系團也有一些星團被觀測到，並且現代
921,1584年
922,都水監
923,丹尼爾·邁耶創造了「維基媒體」一詞來稱呼這一軟體，並在2003年8月開始逐步得到採用。由於這一名稱有意地相似於「媒體維基
924,
925,1992年
926,67個
927,12月7日中華民國行政機關人員遷至臺灣。中華民國於1948年5月10日
928,2000年
929,空軍
930,黑河
931,私立大學
932,邦立圖書館
933,把新住民子女及新移工納入
934,趙石勒
935,許榮茂
936,俗雲萬里石塘
937,英語
938,[UNK]稻
939,宋真宗
940,120%
941,美國聯邦調查局
942,9月
943,在伊斯蘭文獻中，由於其副汗或小汗多帶有伊利的的稱號
944,唐德剛
945,路易十四
946,
947,0.07
948,閩南人
949,民國28年
950,聶耳
951,公路系統由市區2環快速3環路及2013年底全線貫通的昆明繞城高速
952,
953,石排灣
954,正教
955,八角鼓
956,
957,文化大革命
958,1642年
959,徐載弼
960,拔都
961,亞爾薩斯
962,芝加哥大學
963,船業
964,氣冷，火力由採用步槍口徑的輕機槍提升至12.7毫米
965,紐格威森林
966,2012年
967,斐迪南·德·雷賽布
968,戴克里先
969,166年
970,科學
971,市場經濟
972,1963年
973,亞歷山大六世
974,1789年
975,周恩來
976,
977,1958年
978,西晉
979,涵元門
980,
981,漢文
982,12次
983,研究科學史大都在從事回答：「科學是什麼？」和「它如何運作」，以及它是否顯示出大規模的形式和趨勢。特別是科學社會學
984,1138公頃
985,《中華人民共和國村民委員會組織法》
986,荷蘭
987,聯合國專家
988,香港華語片票房
989,內陸
990,國大黨
991,白[UNK]紀滅絕事件
992,模特
993,異端邪說
994,1252年
995,元朝
996,1932年
997,1972年
998,新式鐵製蒸汽船
999,長子文森特
1000,環境保護主義
1001,憲法
1002,1946年
1003,蘇聯紅軍
1004,食物的短缺
1005,1991年
1006,印第安納大學
1007,太陽
1008,修道主義
1009,1999年
1010,亞歷山大漢密爾頓
1011,中國
1012,1960年
1013,黨委員長
1014,芝加哥公牛隊
1015,預付
1016,一街區
1017,獨立
1018,第二代
1019,雷家驥
1020,9月2日
1021,侯封建制度
1022,工程化核酸酶
1023,伊薩克二世
1024,
1025,外部
1026,麥克阿瑟
1027,
1028,武漢行營副主任
1029,躲避戰亂
1030,東北亞
1031,64%
1032,狄拉克
1033,落實外交政策
1034,1823年
1035,輔音
1036,寧都會議
1037,舊石器時代
1038,166年
1039,荀子
1040,集團軍
1041,半日制學堂
1042,中國對國家機密定義管理的模糊、寬泛，也被認為嚴重妨礙了公民的知情權，並導致政府對公民維權的打壓
1043,愷撒
1044,韓語
1045,倫敦霍洛威
1046,佛教
1047,烏爾蘇拉
1048,1964年
1049,南方超大陸岡瓦那大陸
1050,
1051,挪威爲了開拓日本
1052,《渡假留香》
1053,美國內戰
1054,南華縣
1055,英國人
1056,漢族
1057,中文
1058,四帝共治制
1059,1060公釐
1060,1939年
1061,安原王繼位
1062,
1063,慶元
1064,軍事委員會北平分會副委員長
1065,法典法系、羅馬日爾曼法系
1066,石油危機
1067,秦朝
1068,峽灣
1069,1920年
1070,硫代硫酸氨
1071,《金雲翹傳》
1072,480萬人
1073,1916年
1074,1627年
1075,區域性污染
1076,羅德城
1077,唐生智
1078,夏季
1079,板橋地方法院
1080,戴克里先
1081,6世紀
1082,98所
1083,甘肅省
1084,決勝局
1085,1所
1086,耶穌會
1087,中央窩。人和靈長目動物只有一個
1088,破四舊
1089,三次
1090,獲得大寧地區的駐牧權
1091,俗語同時共存，而俗語演化成了中古印度-雅利安語方言，並最終演化成了當代的各種印度-雅利安語言
1092,張學良任旅長，郭松齡
1093,毒性
1094,邊督辦公署，在普洱設雲南省第二殖邊督辦公署
1095,17世紀初之明朝時期
1096,1968年
1097,多功能性
1098,1932年
1099,吉田定房
1100,恭順
1101,淡水
1102,抗日戰爭
1103,財產資格限制
1104,
1105,汗位取得不合法
1106,勃艮地貴族奧東·德拉羅什
1107,灣仔填海計劃第二期，將成爲日後「灣仔北
1108,帕塔普斯科河
1109,1945年
1110,義熙十一年
1111,政府資助研究項目
1112,赫爾辛基
1113,《胭脂扣》
1114,羅馬帝國
1115,1846年
1116,辛亥革命
1117,王平陵，民革的中央常委許聞天，歷史學家、文學家繆[UNK]，銅版畫家陳曉南
1118,
1119,幾個
1120,阿拉伯半島
1121,塞爾維亞
1122,加州尤巴城
1123,君主
1124,天下人
1125,蒙聯軍
1126,提姆·柏內茲李
1127,朱序
1128,人民幣
1129,中國教育
1130,1992年
1131,康拉德·阿登納
1132,東北亞
1133,柏拉圖和亞里士多德以前的荷馬、赫西俄德、修昔底德、色諾芬和歐里庇得斯
1134,185年
1135,弱勢群體
1136,大正天皇
1137,第一教學樓
1138,皇后
1139,義輝之弟足利義昭成為第十五代幕府將軍，挾其為傀儡以號令天下。足利義昭並不甘心作織田信長
1140,主導戰爭
1141,衛生部於2004年稱每年有28.7萬多人自殺。在台灣，自殺於1997年首次進入十大死因排行榜
1142,人人平等
1143,斯拉夫人
1144,第4
1145,聯邦制
1146,1799年
1147,英國
1148,法國
1149,七月
1150,德國
1151,329440元銀元
1152,民國34年
1153,50元
1154,中華民國
1155,2次
1156,秧苗
1157,七個
1158,劉少奇
1159,卡加梅
1160,
1161,《景祐天竺字源》
1162,80
1163,財務分析工具
1164,自然
1165,[UNK]魚號」服役。1949年晉升海軍中尉
1166,德川家康真正成為了霸主。家康
1167,機炮
1168,1836年
1169,敘利亞
1170,子女
1171,德里克·羅勃茲
1172,伊斯蘭教
1173,地球生態系統服務對人們的恩典
1174,哥廷根亨德爾國際音樂節
1175,滬昆高速公路
1176,13小時
1177,法國
1178,歐德謨
1179,道本頓
1180,通州張家灣議和
1181,製導
1182,《血盟救國軍軍歌》
1183,廣州
1184,聽診器
1185,鴉片戰爭和太平天國起義之中，維護了法國在華利益
1186,獨裁政體
1187,8200年
1188,《海峽兩岸服務貿易協議
1189,阿速特部
1190,自由主義
1191,1874年
1192,聲音
1193,什錦麵和皿烏龍麵
1194,李克強
1195,河東道
1196,超文字
1197,米利都
1198,熱帶稀樹草原
1199,
1200,閻錫山接受了共產黨關於在淪陷區成立戰地動員委員會的建議
1201,63個
1202,46公里
1203,十六世紀
1204,西格里
1205,周宣王時期
1206,吉隆坡
1207,1891年
1208,史無前例
1209,12個
1210,二氧化硫
1211,北京電視台
1212,[UNK]州縣
1213,十月革命
1214,英國
1215,美國大學協會
1216,中國教育狀況
1217,郭松齡
1218,開京
1219,美國大蕭條時期
1220,給予孔子的家族與弟子一些稱號。為了解決元成宗時期的財政危機，元武宗設置常平倉以平抑物價
1221,加拉塔
1222,各種的組織
1223,蔣介石
1224,全印穆斯林聯盟於1916年12月舉行聯席會議，在真納和莫[UNK]拉爾·尼赫魯
1225,
1226,喇嘛教
1227,鎌倉時代
1228,太陽
1229,中國特色社會主義
1230,劉裕則
1231,阿里烏教派
1232,鮑德溫伯爵
1233,佛教
1234,周代
1235,
1236,臺北市
1237,鄧小平
1238,南斯拉夫
1239,
1240,殺蟲
1241,法國大革命
1242,自由韓國黨
1243,否決權
1244,二十世紀
1245,積極進攻
1246,加拿大
1247,1926年
1248,義大利汽車之都
1249,液冷式
1250,細胞膜
1251,在軌道上驅動列車
1252,聖喬治拉丁文學校
1253,1260年
1254,1948年12月1日
1255,武宗系
1256,土地稅法
1257,魏博拉盧比民達行業工會
1258,
1259,繁衍後代
1260,尚吉巴
1261,華南六省之一。簡稱為「粵
1262,安德魯約翰遜
1263,普林斯頓大學建築系
1264,8歲
1265,釣魚台國賓館
1266,伊達政宗
1267,發展出來
1268,民國15年
1269,金融服務局
1270,洛克勒斯
1271,約翰·莫根
1272,臺灣
1273,第二代
1274,日美神奈川條約
1275,北京市
1276,晶體狀態
1277,哈利里德
1278,世代劃分
1279,柏拉圖
1280,波蘭人
1281,907事件，1994年千島湖事件之後又趨惡化。1995年，前總統李登輝伉儷訪問美國
1282,英祖四年
1283,
1284,我們說相聲
1285,二人
1286,1880年
1287,[UNK]
1288,八月
1289,閾下刺激物與內隱記憶
1290,廣州話
1291,傑瑞·威斯特
1292,粳稻
1293,挪威
1294,1800個
1295,國務院常務會議
1296,請師
1297,人民！
1298,368011人
1299,
1300,1913年
1301,使命乎合土地撥贈法案
1302,士瓦本
1303,波士頓塞爾提克
1304,腓力五世
1305,牡丹峰樂團
1306,印度
1307,3座
1308,周敦頤
1309,不萊梅的沃爾普斯韋德建立了「藝術家殖民地
1310,朱利烏斯·凱撒
1311,豫
1312,1919年3月1日
1313,1133515人
1314,《金雲翹傳》
1315,排灣族
1316,洛克菲勒紀念教堂
1317,普選制度
1318,大韓帝國，結束了與清朝的宗藩關係。1910年，大日本帝國侵吞朝鮮半島，實行日韓併合，大韓帝國滅亡，李氏王朝告終。「朝鮮」一詞本為東方古國的國名，高麗時開始將本國與「朝鮮」掛鈎，並成為其別稱。如高麗後期李承休
1319,2015年
1320,1995年
1321,
1322,水田
1323,分階段
1324,488年
1325,病態賭徒
1326,全國人民代表大會
1327,
1328,周敦頤
1329,內蒙古
1330,歐洲國家盃
1331,1906年
1332,美國
1333,鐵
1334,普羅斯佩·梅里美、維歐勒·勒·杜克
1335,廣東省
1336,玫瑰盃
1337,羅馬法
1338,心理學
1339,希臘
1340,拉丁字母
1341,《[UNK][UNK]條約》
1342,英雄
1343,聯邦
1344,克拉克望遠鏡
1345,生物質
1346,秘書處
1347,焚燒
1348,800餘種
1349,類比訊號
1350,緬甸
1351,視桿細胞
1352,新北市
1353,威廉二世
1354,政治局擴大會議
1355,《刑法讀本》中，對於《通姦罪》
1356,君士坦丁大帝
1357,大滿貫
1358,8月26日
1359,阿爾法版本
1360,李景隆
1361,外交手段
1362,1887年
1363,
1364,畢達哥拉斯
1365,2010年
1366,1918年
1367,脂肪
1368,魯宗之
1369,被明朝擊退。1624年，原佔領澎湖的荷蘭人和明軍簽約，放棄其在澎湖的經營
1370,朝鮮王朝
1371,2012年
1372,生物動力學
1373,印度洋暖濕氣流
1374,太白
1375,中國外長孫寶琦
1376,音速時的上限
1377,民國十八年
1378,太白山脈中部聳立著五座相似的高峰被稱為五台山
1379,一萬兌一
1380,10名
1381,共產黨
1382,1996年
1383,1985年
1384,5世紀
1385,選擇信仰天主教來顯示自己的獨立自主
1386,公元前三世紀
1387,啟德機場
1388,1971年
1389,1997年
1390,默頓學院
1391,張學良
1392,越南
1393,1914年
1394,越來越受國際注視
1395,2300多種
1396,水漲船高
1397,上女性
1398,40倍
1399,1953年
1400,白色
1401,1856年
1402,漢武帝
1403,反革命事件
1404,王光美
1405,理察·科伯恩·麥克勞林
1406,東德
1407,1624年
1408,15%
1409,江青
1410,奈及利亞
1411,美國人
1412,1979年
1413,聯星
1414,農田
1415,威斯伐倫交界一帶，下薩克森與威斯伐倫
1416,2013年2月28日
1417,1973年
1418,無嗣失權
1419,中國江蘇淮安，祖籍浙江紹興。中國共產黨及中華人民共和國主要黨和國家領導人之一，中國人民解放軍創始人之一，中國無產階級革命家、政治家、軍事家、外交家。周恩來畢業於南開中學
1420,科學家
1421,10萬人
1422,忽都虎
1423,高蛋白質、歐媒咖-3脂肪酸及抗佝[UNK]病
1424,馬來-玻里尼西亞語族
1425,不堪重負
1426,哈雷彗星來臨時，曾有一群國際太空探測器被送去探測彗星系統，其中最重要的是歐洲太空總署非常成功的喬托號
1427,獨裁政體
1428,拉丁文[UNK]
1429,元代
1430,43人
1431,限制性消化
1432,司馬元顯
1433,模特兒
1434,兩層
1435,志費尼
1436,中國共產黨
1437,《鋼鐵是怎樣煉成的》
1438,
1439,一時佳話
1440,錫克教
1441,1986年
1442,《安邦定國誌》
1443,石排灣」。水上人漁民
1444,省級公園
1445,阿布拉莫夫
1446,伊斯蘭教
1447,徐樹錚
1448,明太祖
1449,未能
1450,英屬維京群島大約由60個半熱帶加勒比海
1451,電腦
1452,內戰
1453,南朝鮮
1454,古代查莫洛
1455,公共救濟
1456,聯合國安全理事會常任理事國是聯合國安全理事會
1457,大學
1458,九龍灣
1459,衡陽鐵路管理局衡陽鐵路局
1460,佛教
1461,陳朝
1462,11000間
1463,有色人種
1464,南斯拉夫共產黨
1465,漢諾威
1466,中央電視台高清綜合頻道
1467,荊州
1468,蘇蒙修好條約》
1469,主體史學
1470,心室底壁組織
1471,1683年
1472,1874年
1473,第二
1474,俄羅斯
1475,杜登
1476,[UNK]總能量
1477,政治體制
1478,葉爾羌
1479,
1480,正德十一年
1481,中計受突擊
1482,奧地利
1483,布拉馬普特拉河
1484,英國廢止劃分孟加拉
1485,沙俄軍隊
1486,200萬立方公尺
1487,俄羅斯
1488,2003年
1489,維多利中心
1490,新界原居民一向與港英政府關係不佳，經常為新界原居民的權益與政府發生衝突，早年
1491,蔣中正
1492,大和國
1493,佛教
1494,[UNK]以下的聲音對基底膜的影響
1495,有性生殖
1496,經典的網路龐克
1497,免兩國爆發戰爭
1498,第十五屆奧運會
1499,鬍鬚狀
1500,阿拉巴馬州
1501,猴祭及女性的鋤草祭
1502,[UNK]-15
1503,2013年
1504,無柱雨棚
1505,1980年
1506,1958年
1507,卡拉巴赫
1508,北方墨點法
1509,路易斯一世
1510,
1511,法西斯主義
1512,斯特-立陶夫斯克條約》
1513,路易·勒沃
1514,卡拉恰伊湖
1515,音速巡航，他們還是繼續使用後燃器
1516,
1517,東晉
1518,愛德華一世
1519,細毛
1520,1938年
1521,深水
1522,
1523,蓋茲
1524,陸秀夫
1525,華人的國家，而兩者的華人都是來自廣東和福建，唯一分別的是新加坡主體為福建人
1526,南斯拉夫聯盟共和國
1527,塘沽協定
1528,烏蘭烏德
1529,1897年
1530,巴拉克·歐巴馬
1531,2003年3月4日
1532,降低成本
1533,新增決策局
1534,杭州[UNK]橋機場
1535,
1536,國內穩定
1537,總督之下為省長，省長管理所屬行政區域的地方官員
1538,興王
1539,衛奕信
1540,非歐幾里得幾何
1541,2009年
1542,全國重點文物
1543,忽必烈
1544,花垣縣
1545,未來以任何方式著陸埃歐的探測器都不需要安裝隔熱板來保護儀器
1546,惠金斯原理
1547,松花江
1548,麻省理工
1549,435名
1550,2010年
1551,管理漢地
1552,喬托號
1553,中國政法大學法學教授許蘭亭
1554,烏里雅蘇臺將軍
1555,拿破崙為「社會主義皇帝」。聖西門主義
1556,1949年
1557,蔡[UNK]
1558,中國
1559,《刑部大理寺狀》
1560,威爾斯州
1561,有用資訊
1562,聖方濟·沙勿略
1563,羅馬共和國時期
1564,細毛
1565,韓國
1566,鬼屋
1567,全國
1568,最後
1569,五個主題：植物學、昆蟲學、礦物學、古生物學和動物學等自然歷史。該博物館是世界著名的研究中心，專門從事生物分類、鑑定和保存。由這個機構建館已有百餘年
1570,八角鼓
1571,15世紀
1572,文藝喜劇片
1573,孫權
1574,
1575,嶺北
1576,《中國郵政集團公司章程》
1577,非人類因素的問題
1578,城市物質形態
1579,環保主義
1580,773年
1581,懷柔區
1582,七間
1583,民間反應不佳
1584,光緒十年
1585,1950年代
1586,字母文字
1587,奧地利
1588,肌源性的，等到第28天
1589,加拿大
1590,七個
1591,安定
1592,奧地利
1593,乾旱
1594,《內戰記》
1595,臺北市的衛星城市，因此交通建設早期以聯絡新北市與臺北市為主，較少以新北市為主體的交通建設；直到最近台北都會區
1596,甲午戰爭
1597,中立
1598,1910年
1599,漢字
1600,1935年
1601,《英華字典》
1602,8.6%
1603,浙江海商
1604,巴西
1605,歐洲聯盟委員會
1606,
1607,美國
1608,
1609,七年戰爭
1610,100米
1611,咖啡因中毒
1612,國民政府
1613,
1614,有毒
1615,支持不結盟運動，並於1961年在南斯拉夫首都貝爾格勒召開首次高峰會，使其不論在國內，或是第三世界國家，都越來越受到歡迎。這項運動的成員國不願涉入冷戰
1616,社團部負責社團聯席會議之召開，社團博覽會、以及海報張貼管理事項等。學會部
1617,1989年
1618,射擊斷續器
1619,5位
1620,芽孢炭疽桿菌
1621,1945年
1622,
1623,百老匯
1624,1988年
1625,第二批「果敢
1626,英國批准其憲法，聯邦政府成立。1954年，取得內部自治權。1960年10月1日，宣布獨立，但仍是大英國協成員國。1963年10月1日，改為奈及利亞聯邦共和國
1627,匈牙利耶穌會神父負責大名教區。奧地利耶穌會
1628,19至20世紀之交，一戰前夕
1629,鐵鉉
1630,傑瑞·威斯特
1631,《義勇軍進行曲》
1632,棉花
1633,卡洛·埃馬努埃萊一世
1634,郭沫若
1635,流域
1636,帝國主義列強對臺灣清治時期第一次武裝入侵
1637,原行星盤
1638,丘陵
1639,厄德
1640,羅馬共和國中後期
1641,當時儒教興盛
1642,拒收
1643,克里斯蒂安四世
1644,蒸汽輪機
1645,哈大客運專線
1646,亞熱帶常綠闊葉林
1647,1947年
1648,北德意志邦聯
1649,阿希佩戈拉公國
1650,班傑明·富蘭克林
1651,皮膚對鎳過敏
1652,咸豐二年
1653,咖啡因
1654,中國應該統一
1655,1933年
1656,怯薛
1657,汪精衛
1658,體育部
1659,硫磺
1660,盧永祥
1661,水牛城勇士
1662,馮葆初
1663,七月
1664,施密特望遠鏡
1665,殖民政策
1666,[UNK]染色體，而雌性會有[UNK]
1667,美國雖然支持日本
1668,16世紀
1669,潮濕的大陸性氣候帶
1670,半的生殖細胞
1671,猶太人
1672,邱行湘，現代書畫家、美術教育家姜丹書，孫文的秘書狄侃，民國作家王平陵，民革的中央常委許聞天，歷史學家、文學家繆[UNK]，銅版畫家陳曉南
1673,佩德納萊斯河，德克薩斯州石牆郡
1674,皖系軍閥
1675,楚州人
1676,1964年
1677,1967年
1678,主人
1679,哲布尊丹巴
1680,劉毅時
1681,將原「布政司署」改稱為「政府總部
1682,1861年2月9日
1683,3月3日
1684,
1685,安托萬·拉瓦錫
1686,伊斯蘭教
1687,壓力梯度產生向外的壓力
1688,宋真宗大中祥符元年追封為「文憲王」，後世多稱其「元聖」。因周幽王
1689,參議院
1690,財源
1691,美元
1692,皖浙贛獨立團
1693,德川家康
1694,經濟蕭條
1695,世族
1696,1853年
1697,東南亞
1698,民國34年
1699,44年
1700,動力系統
1701,三個
1702,
1703,蒙古帝國
1704,閣羅鳳
1705,
1706,2017年
1707,21473平方公里
1708,傳教士
1709,颶風
1710,世界氣象組織
1711,故謂之大秦
1712,海河流域
1713,忽必烈
1714,700家
1715,第九屆中國溧陽茶葉節
1716,全市綠化比例高
1717,
1718,澳大利亞
1719,漢地
1720,3月29日
1721,6730年
1722,2010年
1723,青島海軍基地
1724,經濟
1725,銷售[UNK]的各級車票
1726,周恩來
1727,華沙
1728,西德居民和西方國家的遊客可以訪問東德，通常需要提前幾周向東德使館進行申請。訪問東柏林的當日簽證無需提前申請，只需在過境時辦理簡單的手續，西方遊客
1729,視網膜神經節細胞
1730,黎元洪
1731,宋美齡
1732,泰國
1733,第二次世界大戰
1734,1961年
1735,白光
1736,蔣中正
1737,1966年
1738,奈特·麥克米蘭
1739,無佛像時代
1740,1977年
1741,白色
1742,自由聯合
1743,未能
1744,英國
1745,暫住證
1746,《劃一現行各道地方行政官廳組織令》
1747,高朱蒙
1748,1948年
1749,蒸汽膨脹
1750,隋[UNK]帝
1751,副熱帶季風氣候區
1752,日本
1753,美國心臟學會
1754,大英帝國
1755,《八篇書》
1756,塞爾維亞
1757,阿爾薩斯-洛林
1758,路易十四在腓力五世即位後的行為加劇了英格蘭王國、荷蘭共和國和奧地利方面的恐懼。首先，路易十四
1759,合作派
1760,心理疾病
1761,倫敦煙霧事件
1762,等
1763,1990年代
1764,可汗朝」或「汗朝」，汗室自認是波斯民間傳說中與伊蘭人世代爭鬥的圖蘭人英雄阿弗剌昔牙卜
1765,24%
1766,韓國佛教藝術風格深受中國影響。這個時期的佛教藝術得到國家資助而發展蓬勃，石窟庵與佛國寺就是最好的證明。高麗國
1767,後現代主義
1768,1828年
1769,布里昂·維伯
1770,大會
1771,西安招待所
1772,公元前12年
1773,湯瑪斯傑佛遜
1774,安太歲
1775,郵值標籤
1776,赫羅尼姆斯·沃爾夫
1777,1989年
1778,宙斯
1779,農耕節
1780,俄國革命
1781,制衡德軍，在該年7月初向索姆河一線與德軍爆發索姆河戰役，戰況更為慘烈
1782,趙石勒
1783,殘局
1784,敵我性質
1785,動物命名法
1786,愷撒
1787,10
1788,會稽虞氏
1789,英國
1790,木星
1791,阿茲海默病、腦腫瘤、系統性紅斑狼瘡
1792,1993年
1793,外蒙古
1794,張聞天
1795,不再建立便宜
1796,傅斯年
1797,五個
1798,通古斯地區過於偏遠
1799,安大略湖
1800,肉食
1801,韓語
1802,
1803,峽谷河段
1804,雙重匯率制度
1805,法國動物學會規則；德意志動物學會規則；國際地質學會議關於動物化石命名的杜維爾規則；美國
1806,史都華
1807,社會主義
1808,59歲
1809,法國
1810,1928年
1811,5個
1812,[UNK]
1813,曼哈頓
1814,清咸豐年間
1815,一羅馬
1816,吳兆南
1817,關西一帯的日本人由於鄰近朝鮮半島
1818,甲醇
1819,高句[UNK]
1820,困境
1821,美國
1822,異族統治
1823,中國地質大學，簡稱地大，是一所中華人民共和國
1824,1591年
1825,1941年
1826,細胞核
1827,蒸汽膨脹
1828,十月革命
1829,俄羅斯聯邦
1830,過高指標
1831,
1832,1943年
1833,多倫多市
1834,[UNK][UNK]
1835,9倍太陽質量的大質量恆星會膨脹
1836,愛倫·坡
1837,硫磺
1838,資產負債表
1839,德川家康
1840,日本
1841,−1.44，但它的絕對星等是+1.41
1842,臺北縣政府因而對外徵求改制後的新市名，並舉行網路投票
1843,韓
1844,1789年
1845,漢諾瓦
1846,泰勒斯
1847,32.8%
1848,
1849,鮑羅廷
1850,杜林
1851,金合歡
1852,13倍
1853,黃埔軍校
1854,《紅樓夢》
1855,1932年
1856,1920年
1857,雲南
1858,20世紀初
1859,電子郵票
1860,儒字
1861,曼努埃爾一世
1862,烏干達和肯亞，西與剛果民主共和國
1863,馬克思主義
1864,成熟階段
1865,閉門思過
1866,
1867,1950年代
1868,新陳代謝
1869,湯·韋迪加
1870,麥羅沃州
1871,都洛總督
1872,軍用航太；執行科學研究、經濟開發、工業生產等民用任務的航太活動，稱為民用航太
1873,11.5萬人，即57%
1874,多妾制
1875,腓特烈二世
1876,義大利
1877,2000年
1878,1932年
1879,韓劇
1880,路易-菲利普
1881,戈翁
1882,給我一個膠帶
1883,曼莫漢·辛格
1884,1865年
1885,陶魯[UNK]，水利部原部長汪恕誠，吉林省委原書記王雲坤，中國石油原總經理馬富才
1886,1924年
1887,德國財政局
1888,前列
1889,徐樹錚
1890,拿破崙三世在印度支那和新喀里多尼亞建立了法國
1891,詹姆斯·史都華
1892,周恩來
1893,廣州城外
1894,環境污染
1895,民進黨
1896,職人員、世俗貴族和富裕市民代表參加的國務會議
1897,洛厄爾天文台
1898,加拿大式雙打
1899,中后妃傳所記載的妃嬪未必包括皇帝擁有的所有妃嬪。例如唐太宗就至少有三
1900,
1901,臺灣
1902,1904.4公里
1903,《隋唐帝國與古代朝鮮》
1904,2007年
1905,中華民國實業部
1906,
1907,多倫多證券交易所是加拿大最大的證券交易所，而加拿大五大銀行的總部皆位於多倫多
1908,大學生的城市
1909,約翰·洛克菲勒
1910,1960年代末
1911,1815年
1912,埃德溫·哈勃
1913,漢字借音
1914,
1915,議會制
1916,2013年
1917,恰克圖條約
1918,莫斯科
1919,五分之一
1920,《德意志語言正字大詞典》
1921,網易遊戲
1922,
1923,《渡假留香》
1924,日本
1925,在美國硫酸是所有生產得最多的化合物
1926,
1927,水門事件
1928,中山
1929,閻錫山
1930,1997年
1931,托爾金
1932,日本和俄國對這一地區的爭奪而為世界所熟知。俄國向滿洲的擴張始於17世紀上半葉
1933,中國政府因開放市場的需要
1934,阿伊努人
1935,1937年
1936,五倍
1937,風力
1938,艾森豪
1939,3400萬
1940,擊球方法
1941,帕西瓦爾·洛厄爾
1942,二二八事件
1943,紅色
1944,澎湖
1945,硫化物和碳酸鹽
1946,理學
1947,1998年
1948,2010年
1949,周恩來
1950,1950年
1951,高輻射的環境而失敗
1952,維基百科的需求，維基媒體的第一個版本於2002年被部署，後來，維基百科和其他維基計畫繼續定義了維基媒體的大部分功能。為了有效地處理大型計畫，維基媒體
1953,
1954,1939年
1955,清朝
1956,安土桃山
1957,哲學原理研究
1958,2001年8月15日
1959,1891米
1960,加勒比海
1961,1455年
1962,鄧穎超
1963,美觀
1964,傳統音樂
1965,提防燕王謀反
1966,法國
1967,保加利亞、塞爾維亞、希臘與蒙特尼哥羅組成巴爾幹同盟，聯合攻打鄂圖曼土耳其帝國
1968,恢復市場的功能，以邁向生產力理論
1969,北非
1970,中華民國政府
1971,1834年
1972,
1973,償命
1974,1901年
1975,五
1976,近年
1977,農歷新年時吃元宵、年糕及蘿蔔糕；在端午節
1978,阿富汗、塔吉克斯坦、吉爾吉斯斯坦、土庫曼斯坦、哈薩克斯坦、俄羅斯及中國
1979,噴射發動機後面的第二個燃燒室，在緊急的時候以大量的燃料提供非常大的推力
1980,1312年
1981,1888年
1982,30℃
1983,瓦解
1984,洛克勒斯
1985,兩個
1986,對日抗戰戰事吃緊，大量高等院校內遷
1987,1989年
1988,元世祖
1989,天文學家
1990,毛澤東
1991,中國
1992,中國政法大學法學教授許蘭亭認為中國政府
1993,1991年
1994,中部科學園區
1995,台北市立體育場
1996,曹議金
1997,1945年至1992年
1998,1928年
1999,收容遣送制度
2000,中國國民黨
2001,》
2002,狄拉克
2003,金黃飽滿
2004,滿蒙獨立運動
2005,百濟
2006,
2007,吸熱過程
2008,劉少奇
2009,瑞士洛桑國際管理學院
2010,1950-1980
2011,著陸
2012,
2013,丹尼爾奧爾特加
2014,幾何學
2015,1998年1月1日
2016,《風之國度》
2017,蠻族事務局
2018,喇嘛阿格旺多傑
2019,首席的元老
2020,11世紀
2021,阿普列尤斯
2022,
2023,[UNK]總能量
2024,克萊斯勒貸款法案
2025,省務會議
2026,1610年1月7日
2027,荷蘭的殖民地，但很特別的一點是蘇利南的道路行駛方向與靠右行駛的荷蘭
2028,
2029,1835年
2030,安門事件
2031,遠距離傳輸
2032,《拉丁通俗譯本
2033,低
2034,哭泣
2035,民國16年
2036,1987年
2037,現實
2038,1847年
2039,唐睿宗
2040,1968年
2041,不動產
2042,
2043,林肯總統
2044,在德福音
2045,元廷
2046,極端大陸性氣候
2047,軍校任上尉特別官佐
2048,1599年
2049,3個
2050,赤[UNK]角的新機場正式啟用同時通車，模式上屬機場聯絡軌道系統，連接位於新界離島區赤[UNK]角的香港國際機場
2051,社會主義最終實現共產主義
2052,段祺瑞
2053,普魯士
2054,高句麗
2055,內蒙古
2056,
2057,秘書處
2058,林肯總統
2059,科什圖尼察
2060,7.64萬平方公里，人口約49.3萬
2061,婦女投票權
2062,500毫升
2063,古代
2064,民國元年
2065,
2066,正德十一年
2067,心外膜
2068,伊比利亞
2069,
2070,劉出席
2071,當旭烈兀得知蒙哥於南征南宋時去世
2072,瀧川
2073,莫高窟
2074,電穿孔
2075,
2076,2次
2077,1924年
2078,梁啟超在《清議報》發表的文章，首次將獨裁主義或獨裁政體這個譯名由日本
2079,期貨
2080,洋馬兒
2081,經濟
2082,1米93
2083,鹿兒島
2084,女少，約2000年代初期開始，逐漸變成女多男少
2085,坡度較高，通常貨運列車
2086,《煙霧消除法》
2087,威廉·赫歇爾
2088,逃港者
2089,柏拉圖
2090,宗教法，和傳統習慣法
2091,美國
2092,巴斯克人
2093,阿爾卑斯山
2094,軍校任上尉特別官佐
2095,1957年
2096,何鳳山
2097,一億光年遠
2098,1995年
2099,紅矮星
2100,日語
2101,
2102,19世紀
2103,草本，也有少數是灌木或小喬木
2104,涵元殿
2105,奧斯卡·赫特維希
2106,1971年
2107,英國占領當局在1946年11月8日建立了以漢諾瓦
2108,馮國璋總統任期內，就解決南北分裂，統一中國的方式問題，與馮國璋發生第二次府院之爭，於1917年11月22日辭職。1918年3月22日復職。同年10月10日，馮國璋大總統的任期屆滿，安福國會選舉徐世昌
2109,麻醉傷害孩子，但是仍然很在意生產痛苦
2110,民國18年
2111,7.64萬平方公里
2112,1913年
2113,法國東部
2114,灣仔
2115,拉丁語
2116,移民之地
2117,畢達哥拉斯
2118,愛格思海金斯公司
2119,佛教、苯教、印度教、耆那教教徒心目中「世界的中心
2120,第53
2121,英格蘭愛德華一世
2122,耶穌會
2123,一次世界大戰時期
2124,安眠藥
2125,史坦波中心
2126,《科學怪人》
2127,富蘭克林·德拉諾·羅斯福總統
2128,[UNK]-16
2129,德國
2130,政司和部門
2131,江蘇淮安
2132,劉裕征劉毅時
2133,中共中央副主席
2134,毒氣
2135,細胞膜
2136,普洱專區
2137,安定
2138,英國倫敦溫布頓
2139,
2140,1573年
2141,佐世保最大的造船企業
2142,申城
2143,德川家
2144,
2145,岩石圈，水圈，大氣，生物圈，對應於岩石
2146,香港日治
2147,將反托拉斯法
2148,1925年
2149,1926年
2150,德國
2151,亞熱帶
2152,1967年
2153,日本
2154,戡亂建國教育實施綱要
2155,漢文
2156,卡拉恰伊湖被世界觀察研究所定為地球上「污染之最」，在二十世紀五十到六十年代成為蘇聯垃圾場。第二個地點為俄羅斯車里雅賓斯克
2157,王藍
2158,南成旭
2159,東晉元帝
2160,光球層
2161,國語字
2162,絲綢之路
2163,5642米
2164,殺蟲劑中毒
2165,寮國
2166,
2167,積水潭
2168,約翰一世
2169,南奧塞提亞自治區
2170,浮動
2171,農業
2172,秋天
2173,完水，松花江及兩江匯流後被稱為難水
2174,漢馬伏波
2175,雲南省
2176,
2177,土地改革
2178,檀和之
2179,艾瑪·史東
2180,邦找到棲身之地
2181,聯邦在內戰
2182,玉泉北路
2183,1789年
2184,280天
2185,旅遊業
2186,柏拉圖
2187,質學院
2188,2007年
2189,國家歷史文化名城
2190,維基媒體基金會
2191,一省
2192,阿勒格嫩達河
2193,非婚生
2194,中山市
2195,最佳演唱團體獎」
2196,
2197,春涼
2198,現代精神醫學
2199,機炮
2200,魏源所著聖武記記載：清太祖遣兵四百收瀕海散各部，其島居負險者[UNK]小舟二百往取，庫頁內附，歲貢貂皮，設姓長、鄉長子弟以統之。清朝建立後，庫頁島先被劃歸寧古塔副都統
2201,威尼斯影展，是每年8月至9月間於義大利威尼斯麗都島所舉辦的國際影展，屬於威尼斯雙年展
2202,性別演化
2203,第三心音
2204,李白
2205,世襲制度
2206,韓國海關
2207,中華郵政在新疆
2208,2010年
2209,1888年
2210,
2211,吠陀梵語
2212,受道家老子思想的用詞影響
2213,伸展台模特兒
2214,印第安納大學俱樂部
2215,低可偵測性
2216,1950年代
2217,西部縱貫公路
2218,工業
2219,東芝
2220,新北市
2221,川本芳昭
2222,伊斯蘭教
2223,15%
2224,開支
2225,公開支持
2226,2002年
2227,620年
2228,民國42年1月
2229,第一公民
2230,反共文學
2231,天主教
2232,美利堅聯盟國
2233,泰特里庫斯一世
2234,1949年
2235,1858年
2236,物理觀點
2237,心室底壁組織
2238,東南亞
2239,湯瑪斯·勃蘭契特·瑞德
2240,周恩來
2241,超音速
2242,[UNK]-51戰鬥機
2243,日本
2244,民國27年
2245,八角鼓。相聲一詞，古作像生，原指模擬別人
2246,1897年
2247,李察·賓特利
2248,印尼
2249,康熙四十八年
2250,郡
2251,爾法學院
2252,28個協商國有權表決和通過決議，而其他22個
2253,克里米亞戰爭
2254,國防部空軍司令部
2255,北京
2256,1945年
2257,永曆帝
2258,世稱恭順
2259,1972年
2260,2013年
2261,史達林
2262,佳木斯
2263,1918年
2264,太陽以25[UNK]35天
2265,雷達吸波收材料
2266,卡佩王朝
2267,聯合國人權委員會
2268,庫里爾台大會
2269,氫
2270,足式臀位
2271,賓夕法尼亞州大學
2272,環境污染
2273,穀類作物
2274,威廉一世
2275,[UNK]
2276,後代
2277,11000
2278,王白駒
2279,袁術
2280,第二心音
2281,咸康七年
2282,
2283,道格拉斯
2284,玉米
2285,東羅馬帝國
2286,五個
2287,民國25年
2288,松花江
2289,全歐洲
2290,宋理宗
2291,
2292,2008年
2293,北韓第13屆最高人民會議第2次會議
2294,紅水河
2295,
2296,斯芬·佩斯
2297,2013年
2298,大道東附近
2299,27千兆瓦
2300,副熱帶濕潤氣候
2301,1200萬名
2302,督憲
2303,1989年
2304,中國聯合網路通訊股份有限公司
2305,1988年
2306,鞏高峰
2307,烏干達和肯亞
2308,12個
2309,斯塔夫羅波爾邊疆區
2310,沿用科大
2311,古埃及
2312,國際網球協會
2313,
2314,真實
2315,官僚主義者階級
2316,刺史
2317,
2318,1180年
2319,三歲
2320,狼瘡
2321,雷焦卡拉布里亞國家考古博物館
2322,克里斯蒂安尼亞
2323,香港人
2324,都市發展
2325,
2326,猶太人
2327,阿普伽
2328,合肥
2329,第18
2330,請師
2331,二氧化碳
2332,娼妓
2333,孫中山
2334,金銀珠寶
2335,20世紀
2336,1939年
2337,
2338,數位訊號，後者採取分立的邏輯值
2339,意義上更為可貴
2340,漢江
2341,
2342,音樂
2343,《四十二章經》
2344,倫巴底人
2345,工業發展
2346,海因利希・弗格勒在靠近不萊梅的沃爾普斯韋德
2347,第4套
2348,景洪市
2349,《韓國憲法》
2350,爭取陽光
2351,失落
2352,1918年
2353,200米以下
2354,原始宗教
2355,第1區
2356,博物學
2357,杭州
2358,[UNK]/[UNK]-63
2359,1973年
2360,艾賓浩斯
2361,彰化市民代表會
2362,法國大革命時期
2363,清朝
2364,2013年
2365,朱德
2366,陳湯銘
2367,漢武帝時期
2368,1958年
2369,東經
2370,英籍工程師西排立
2371,
2372,太陽質量
2373,量子光學
2374,臺灣郵政條款十六條及3月22日郵政業務正式運行辦理所
2375,1938年
2376,2014年
2377,
2378,2007年
2379,法國
2380,1757年先發制人
2381,
2382,鞏固自己及子孫的統治
2383,蒙古語
2384,甲醇雲
2385,志費尼
2386,15625億日元
2387,印度教
2388,1230年
2389,公元前12世紀到前2世紀期間商朝的遺臣箕子與當地土著居民一起創立箕子朝鮮。公元前194年燕國人衛滿推翻古朝鮮准王建立衛滿朝鮮。西漢元封二年
2390,北非作戰階段
2391,政府
2392,1987年
2393,核酸酶
2394,金義軍
2395,半決賽
2396,網球的球
2397,心室底壁組織
2398,曹操
2399,40年以上
2400,2901.3平方公里
2401,新北市
2402,郭守時
2403,文革
2404,靠近中國大陸的大陸型氣候
2405,學習偉大領袖毛澤東
2406,19世紀
2407,檀君古朝鮮
2408,清康熙帝
2409,朝鮮勞動黨代表會議
2410,清宣宗時代
2411,蒙漢兩元政治
2412,貝雷帽
2413,三國史記
2414,四次
2415,林彪
2416,勞動的分化，統治階級
2417,1972年
2418,錫克教
2419,傳送其基因組進入其他細胞，進行感染的分子機制。慢病毒載體
2420,致青春》
2421,1603年
2422,一分
2423,
2424,2015年
2425,噴射發動機
2426,新石器時代
2427,孔齊
2428,海因里希·赫茲
2429,1958年
2430,世界氣象組織
2431,通貨膨脹
2432,1804年
2433,原「布政司署
2434,35%
2435,天主教
2436,釀酒業
2437,1958年
2438,2010年
2439,柏樹林
2440,7920公里/小時
2441,仙台市
2442,潘永和，空軍原副政委王曉龍，江蘇省政協主席蔣定之
2443,郵資使用過
2444,黑河
2445,2000年
2446,義和團事變
2447,酒
2448,建文二年
2449,關島組織法
2450,
2451,公安部邊防局
2452,彼得二世
2453,19世紀
2454,貴金屬的來源，但帝國最主要的收入還是來自商業貿易中徵收的關稅和貿易稅
2455,合不勒汗
2456,高句麗
2457,元朝
2458,民國15年
2459,49.3萬人
2460,巴納德
2461,量子光學
2462,農產品
2463,哈德遜河
2464,全國地圖正保御國繪圖
2465,民國3年6月24日
2466,
2467,主序帶
2468,坎貝爾式
2469,港島區
2470,##4年復國於大不里士。1230年
2471,773年
2472,《中華人民共和國憲法》
2473,二十二歲
2474,打比賽
2475,中村法道
2476,瓊山
2477,鐵穆爾「皇太子寶」並且讓他鎮守和林。隨後鐵穆爾
2478,391年
2479,3.8%
2480,6月1日開始發行郵票，它們在列支敦斯登境內同樣有效。中國的第一張郵票是大清郵政在1878年1月
2481,1260年
2482,13小時
2483,氫
2484,戰基處營區土地
2485,忽必烈
2486,
2487,黑死病
2488,第二次世界大戰中納粹德國戰敗，根據波茨坦會議中英、美、法、蘇四國的協議，決定在德國戰敗後
2489,卡胡盧伊
2490,硫化氫
2491,氮化硫
2492,三屆
2493,1972年
2494,都市計劃
2495,
2496,日本的支持下再次宣布獨立。1920年，日本派山田大佐為參謀長，成立對蒙顧問團遊說外蒙喇嘛王公支持恩琴
2497,止痛
2498,6位
2499,會稽虞氏
2500,煤煙消除會
2501,公民化
2502,電子工業多為[UNK]，除宏碁
2503,國民政府時期
2504,海因里希·赫茲
2505,傻瓜塔
2506,燕王朱棣起兵造反，援引《皇明祖訓》，號稱清君側，指國君身邊的齊泰和黃子澄為奸臣，需要鏟除，稱自己的舉動是，為國「靖難」，並上書於惠帝朱允[UNK]
2507,水鄉
2508,匹茲堡
2509,威廉·赫歇爾
2510,格子型系統
2511,《動員戡亂時期臨時條款》
2512,蒙古國肯特山東麓
2513,1989年
2514,
2515,東部
2516,毒品
2517,7%
2518,韓國
2519,星途，由於梅艷芳是女低音
2520,逝世後整理遺產
2521,德國
2522,農民階層
2523,孔恩
2524,索契
2525,國家和地區也會食用。「[UNK]」由搗碎的木薯葉製成，與魚乾一起食用。午餐通常是自助餐形式，人稱「[UNK]」，有「混雜堆積」之意，其中包括上文提及的主食，有些還會有肉食
2526,重慶理工大學
2527,支持臺灣獨立
2528,新天皇光明天皇
2529,托木斯克
2530,蘇丹達爾富爾地區
2531,1897年
2532,《臺灣自救運動宣言
2533,詳細規劃
2534,十億年
2535,1486年
2536,英國
2537,1970年代
2538,1500公里
2539,南極條約協商會議
2540,布里亞特人
2541,建炎二年
2542,民國時期
2543,6月1日
2544,279年
2545,中國大陸
2546,西元前1534年
2547,澳洲國立大學
2548,1899年和1906年
2549,釋迦牟尼
2550,1960年代
2551,1640年
2552,軍事基地周邊的服務業
2553,威尼斯人
2554,
2555,正式踏上星途，由於梅艷芳是女低音
2556,1841年2月10日
2557,1999年
2558,2005年7月21日
2559,西元977年編的太平廣記是古代
2560,國家預防腐敗局
2561,風機高度愈高，發電量愈多，因此現今有許多風機的高度都超過100m。因為自然界中的風速並不穩定
2562,大學生研究計劃
2563,未更動
2564,1994年
2565,王亞南
2566,灣仔的街道由南向北
2567,八零年代
2568,1234年
2569,日本
2570,瑞派克路
2571,[UNK][UNK]
2572,第二代
2573,中國立法規定了選舉的自治組織中，以居民委員會和村民委員會最讓人
2574,康熙
2575,重工業
2576,大清帝國光緒14年2月21日臺灣郵政總局
2577,1952年
2578,軍事
2579,
2580,德蘇戰爭
2581,金正恩
2582,郵票
2583,1世紀前
2584,1981年
2585,對外徵求改制後的新市名，並舉行網路投票
2586,二氧化硫
2587,十年
2588,坑道
2589,臭氧層
2590,石垣市市政府
2591,廣東籍
2592,羅馬帝國
2593,自由派
2594,1990年代
2595,秋明州
2596,倫敦煙霧事件
2597,妹妹
2598,自由
2599,韓國
2600,不穩定性
2601,北方太平洋品種的大馬哈魚常於9－10月回到黑龍江、烏蘇里江等河中產卵
2602,亨利克萊
2603,元朝
2604,濟州島
2605,赫爾伯特·查普曼
2606,噪音過大
2607,八歲
2608,濟南
2609,2016年
2610,「印度國民軍士兵大審判
2611,年老
2612,孫中山
2613,2比1
2614,眾議院為美國國會兩院之一，另一院為參議院
2615,1861年
2616,
2617,擁有領土主權
2618,1953年12月
2619,白[UNK]紀滅絕事件
2620,3月4日
2621,曼莫漢·辛格
2622,刺激性
2623,中共皖浙贛省委在皖贛邊的[UNK]公山
2624,激進黨
2625,1895年
2626,中華民國99年12月25日
2627,美茵河畔法蘭克福
2628,洛東江
2629,拒絕投降
2630,王奕[UNK]
2631,1600分
2632,馬爾吉特
2633,失分
2634,阿群帶路
2635,特殊黨員
2636,中國文化對日本的影響很深，於是決心儘早訪問中國
2637,蔡素玉
2638,英國
2639,工藝上的難度不獲好評
2640,
2641,2008年
2642,4個
2643,溫州
2644,下薩克森邦
2645,《宅地法
2646,中途公園
2647,駐越美軍
2648,郵票
2649,高房價
2650,1848年
2651,2016年9月30日
2652,定性分析幸福
2653,解放軍
2654,1946年
2655,伊斯蘭教
2656,東勝寺
2657,8月
2658,
2659,暴雪於北京發布會上聯合宣布，網易公司獲得了暴雪爐石傳說：魔獸英雄傳在中國大陸的獨家運營權，合同期為三年。目前這款遊戲已經開放運營。2013年8月，網易與中國電信
2660,第二次世界大戰
2661,歐洲人
2662,理論心理學
2663,南方墨點法
2664,136.03萬人
2665,唐朝
2666,戰鬥機
2667,法國民意
2668,240℃
2669,國家邊海防委員會
2670,洋馬兒
2671,中部科學園區
2672,1799年
2673,特瓦族
2674,中宮寺
2675,[UNK]
2676,杜林
2677,庫侖阻力
2678,上課。這是多數私立中式學校都面對的問題
2679,紅衫軍運動
2680,耶穌會
2681,古羅馬
2682,贊格祖爾
2683,
2684,法西斯
2685,2013年
2686,忠孝橋
2687,母親
2688,1954年
2689,高崗
2690,1930年
2691,
2692,文盲
2693,花崗岩錐狀島嶼
2694,冒犯性
2695,1779年
2696,
2697,人本主義
2698,首爾塔洞公園
2699,61票贊成，37票反對
2700,雍正二年降旨准廣東人移民臺灣，到了18世紀乾隆
2701,公開產品
2702,5.7
2703,8200年
2704,第一次世界大戰結束後，協約國於1919年6月28日在鏡廳與德國
2705,什錦麵
2706,古典經濟學，賽伊所認為供給創造需求
2707,中東
2708,民國79年
2709,蔣中正
2710,土魯斯
2711,鮭科魚類
2712,美軍
2713,甘蔗
2714,
2715,
2716,吉米·史都華
2717,昆明公交公司
2718,年
2719,洛可可風格
2720,國民黨
2721,2008年
2722,納粹黨
2723,清政府
2724,威廉二世
2725,
2726,漢魏故城
2727,1920年代
2728,父親遺志
2729,威廉一世
2730,
2731,35號
2732,1702年
2733,鋼纜或者是滑輪等裝置失效導致失去控制
2734,英國
2735,同盟國
2736,1944年[UNK]去世後
2737,標準中文
2738,布里斯托
2739,空運
2740,金帳汗國
2741,國際動物命名委員會
2742,黃金自由貿易
2743,歐陽玄
2744,耗資
2745,大韓帝國
2746,巴黎郵局
2747,第265任
2748,載客和載貨列車的惟一一種鐵路機車。在十九世紀最先出現的機車是以蒸汽
2749,死亡
2750,40人自殺，1940-1945年間沒有公布任何數字。在1945年數字則上升到：每10萬人中有60人
2751,阿拉瓦克印第安人
2752,皇后大道東
2753,鐵路公司
2754,兩馬赫
2755,12個
2756,蘿蔔糕
2757,伽利略
2758,1875年
2759,裏海
2760,1863年
2761,1880年
2762,16世紀末葉
2763,1804年
2764,
2765,1991年
2766,毛利家
2767,1850年
2768,鄭京和
2769,拿破崙
2770,267年
2771,11月祭
2772,中華人民共和國
2773,愛格思海金斯公司
2774,阿拉巴馬州
2775,1994年
2776,《名人傳》
2777,吳王，都武昌
2778,傑斐遜·戴維斯
2779,1867年
2780,70%以上
2781,膚色比較暗
2782,蘇聯
2783,國民黨
2784,入學考試
2785,
2786,伊斯蘭哈里發軍隊
2787,美尼亞
2788,1986年
2789,
2790,1946年11月8日
2791,天主教
2792,心血管疾病
2793,中心使石油天然氣領域
2794,元朝
2795,硫酸
2796,義大利戰爭
2797,超級基金法
2798,中華人民共和國
2799,納粹德國
2800,募兵制
2801,1933年
2802,2015年
2803,丙子胡亂
2804,1765年
2805,牙利王國
2806,《有關國軍參與海外派遣活動的法律案》
2807,大滿貫
2808,華沙
2809,伯力
2810,外交政策
2811,長度
2812,8世紀
2813,約翰二世·科穆寧皇帝
2814,凡爾賽宮淪為廢墟達40年之久，直至1833年，奧爾良王朝的路易·菲利普國王才下令修復凡爾賽宮，將其改為歷史博物館。另外，凡爾賽宮
2815,北海道帝國大學農學部
2816,2008年
2817,信陽市
2818,地區邊界
2819,電腦介入飛控系統
2820,動物命名法
2821,2016年
2822,1789年
2823,總指揮
2824,國際動物學會議
2825,提防燕王謀反
2826,金靴獎
2827,克拉科夫及立陶宛大公國首都維爾紐斯
2828,天文學
2829,邦特蘭
2830,萊茵河
2831,氧化亞氮氣體
2832,留下
2833,周宣王
2834,馮勝、傅友德、藍玉等人發動第五次北伐，目標是攻占納哈出的金山
2835,日本
2836,
2837,銀熊獎
2838,1968年
2839,靜止心率
2840,明朝
2841,10名
2842,1989年
2843,武昌起義
2844,拉卜楞寺得到河州總鎮衙門特許，設置「臬倉」，直接管理寺院周圍13莊政教事務
2845,殺傷力大
2846,第一波新政
2847,幾何學中，角是由兩條有公共端點的射線組成的幾何對象。這兩條射線叫做角的邊，它們的公共端點叫做角的頂點。一般的角會假設在歐幾里得平面上，但在非歐幾里得幾何
2848,1976年
2849,
2850,第2758號
2851,1980年代
2852,
2853,1859年
2854,考古學家
2855,社團部負責社團聯席會議之召開，社團博覽會、以及海報張貼管理事項等。學會部
2856,
2857,粵西
2858,羅斯托克港
2859,北印度和巴基斯坦
2860,约瑟夫·斯卡利格
2861,寧波人大量移民上海，湖州人
2862,維多利亞港
2863,暴雪娛樂
2864,比重
2865,分發式政策
2866,撒勒人耶穌，猶太人的王」。士兵瓜分他的長袍，為祂無縫的內衣拈。而在場眾多不相信耶穌的猶太律法師和文士都嘲諷他，聲稱耶穌若自己從十字架上下來，就相信他是從神來
2867,12歲
2868,
2869,1000米
2870,馬關條約
2871,羅斯福
2872,大陸性季風氣侯
2873,214
2874,81席
2875,過渡時期憲法
2876,
2877,段思平
2878,1953年
2879,不知道散彈槍
2880,
2881,社會學、自然科學以及工程學等各大領域皆享負盛名，當中社會學
2882,性別
2883,《物種原始》
2884,機種同時擔負攔截
2885,寮國
2886,2000年
2887,發願之後
2888,[UNK]級驅逐艦
2889,
2890,第26屆
2891,武漢大學
2892,第三心音
2893,1989年
2894,史達林
2895,聯絡新北市與臺北市為主，較少以新北市為主體的交通建設
2896,美國
2897,廣州鐵路公司
2898,航宇
2899,海森堡
2900,盧永祥
2901,襄樊之戰
2902,亞歷山大·羅德
2903,羅馬帝國皇帝霍諾里烏斯
2904,多倫多是多元文化的聚集中心。每年舉行的文化節目包括6月的同性戀自豪節，夏季的加勒比節，而北美其中一個重要電影盛會的多倫多國際電影節則在9月
2905,《農書》
2906,周恩來
2907,中世紀中期
2908,泰馬派山
2909,
2910,台南
2911,現代精神醫學
2912,蕃人
2913,1987年
2914,發願之後
2915,6月1日
2916,直布羅陀海峽
2917,比主動宣傳
2918,現金增減變動情形
2919,1923年
2920,鏡廳
2921,安帝
2922,1949年後改為會議及娛樂場所。勤政殿位於中海與南海之間的堤岸上
2923,托列斯海峽
2924,日本社會黨
2925,印度洋
2926,兩年
2927,
2928,磷礦石
2929,美國
2930,社會主義共和國
2931,1512年
2932,成熟階段
2933,新化學
2934,
2935,哈德良
2936,《關於托勒密和哥白尼兩大世界體系的對話》
2937,傳送其基因組進入其他細胞，進行感染
2938,電燈泡所應用的焦耳加熱效應
2939,種族
2940,南成旭
2941,盧安達自石器和鐵器時代就有人口在此狩獵採集，之後又有班圖人遷入。這些人口起初聚集成氏族社會，之後形成王國
2942,
2943,厄爾布魯士峰
2944,南京國民政府
2945,明朝
2946,武器設計製造
2947,2002年
2948,
2949,50個
2950,1830年
2951,溫帶氣候
2952,1874年
2953,烏茲別克斯坦
2954,金泳三
2955,擅長隨心所欲控制自己的體重
2956,新生代
2957,印度國大黨和全印穆斯林聯盟於1916年12月舉行聯席會議
2958,重慶機
2959,木華黎
2960,電動機
2961,宗教
2962,
2963,開放市場
2964,商業價值
2965,金日成
2966,啟德機場
2967,澳大利亞
2968,日本
2969,愛爾蘭人
2970,海森堡
2971,州
2972,千佛洞
2973,台宮
2974,朝鮮
2975,1972年
2976,5000
2977,兩天
2978,喀喇汗國
2979,颶風
2980,黨內
2981,1932年
2982,1933年
2983,葛摩
2984,2003年1月12日
2985,清朝初年
2986,伯明罕
2987,村民委員會
2988,議會大廈
2989,長崎縣
2990,
2991,宋孝宗時岳飛冤獄被平反，改葬於西湖畔棲霞嶺。岳飛
2992,長江水域
2993,日本茶道
2994,16世紀末葉
2995,魏晉
2996,北人黨
2997,民國25年4月
2998,中東
2999,
3000,大朝鮮國
3001,劍橋校園
3002,地球或一些區域上一切生命和非生命的事物以自然的狀態呈現。這是一個環境涵蓋了所有生物之間的相互作用
3003,1171年
3004,《日韓合併條約》
3005,羽柴秀吉
3006,統治階級
3007,民國四十三年
3008,第48屆日本眾議院議員總選舉
3009,魏源
3010,保祿六世
3011,阿拉伯宗教
3012,庫務局
3013,
3014,文學
3015,腓特烈二世
3016,艾瑪·史東
3017,1622年
3018,
3019,兩極
3020,德宏州
3021,67
3022,喬治·史蒂芬生還在基林沃思煤礦做一個坑口絞車操作員；他被之前由特里維西克和赫德利
3023,查士丁尼一世
3024,華北平原
3025,振州
3026,西伯利亞[UNK]靼人、諾蓋人、哈薩克人、克里米亞[UNK]靼人、卡拉恰伊人、庫梅克人、卡拉伊姆人、卡拉卡爾帕克族
3027,李時珍
3028,舊莫比爾
3029,埃及
3030,辛亥革命
3031,東南亞資本，在六十年代
3032,十年
3033,伊斯蘭教
3034,御史
3035,產殿誕生
3036,周恩來
3037,北京條約
3038,1976年
3039,1958年
3040,日本
3041,國民議會
3042,蘆筍
3043,
3044,一會
3045,歐洲
3046,3766人
3047,冷戰
3048,300公厘
3049,汶萊和新加坡
3050,南宋洪邁
3051,淮安區
3052,土地
3053,春耦齋，北洋政府時為總統辦公處
3054,2002年
3055,50%
3056,西里爾字母
3057,南明
3058,
3059,第五大
3060,契約經濟
3061,蘇利南的道路行駛方向與靠右行駛
3062,郭松齡
3063,保護蒙古人地位
3064,南漢宸
3065,劉少奇
3066,女兒送走後，才於咸豐二年七月到蕪湖上任
3067,金正恩
3068,工業能力
3069,蘇聯
3070,明朝
3071,伊拉克
3072,1871年1月18日
3073,劉少奇
3074,90年代
3075,溫尼伯國際機場
3076,朝鮮
3077,演說
3078,十分罕見。除了從軍期間，他應陸軍航空軍要求，錄製的愛國宣導影片以外，史都華終其一生92
3079,政府提倡觀光，對於解除軍事管制的龜山島，進行了航海登島的生態旅遊體驗，並以抽籤方式管制登島人數。一般遊客團體申請進入龜山島，須於預定登島日前三日至二十天日，以網路方式向交通部
3080,黑龍江
3081,泰特里庫斯一世
3082,昆明長水國際機場是中國面向東南亞、南亞和連接歐亞的國家門戶樞紐機場。昆明長水國際機場
3083,躲避戰亂
3084,居民委員會
3085,民國29年
3086,蘇伊士運河
3087,5月17日
3088,通化市是中華人民共和國吉林省下轄的地級市，位于吉林省東南部，渾江上游。國民政府時期為安東省省會，其境內的集安是高句麗舊都，現為國家歷史文化名城。通化市
3089,鄭成功
3090,烏茲別克斯坦
3091,玉米
3092,樺樹
3093,建設性的互補夥伴關係
3094,2006年
3095,庫納巴拉班
3096,
3097,史都華的影迷太多，不執行任務的時候他也不敢前往倫敦
3098,馬加人
3099,1938年
3100,西德
3101,親情
3102,直腿臀位
3103,駱克道
3104,71.7公里
3105,拜占庭帝國
3106,自律性
3107,廣電總局
3108,十三翼之戰
3109,艾森豪
3110,東柏林
3111,元朝
3112,雲貴高原
3113,喀喇汗王朝
3114,
3115,紅衫軍運動
3116,元將王保保駐守甘肅定西
3117,烏來區
3118,綠窗口
3119,電壓
3120,希臘文化
3121,荊州
3122,終於慢慢的進入民主政治的運作
3123,直奉戰爭
3124,1970年代
3125,八角鼓
3126,寧王宸濠之亂
3127,周恩來
3128,貴霜帝國
3129,1952年
3130,南海縣
3131,《華府風雲》
3132,韓國
3133,成法
3134,22.97平方公里
3135,李東陽
3136,1919年
3137,[UNK]糯
3138,秒/年
3139,印度教
3140,青天白日勳章
3141,尼古拉杜霍寧
3142,浙江紹興浙軍第二旅第六團第三連當見習官
3143,中央決定撤銷公安部隊，邊境防衛和管理任務交由中國人民解放軍擔負
3144,信陽市
3145,1782年
3146,1867年
3147,5年
3148,武大
3149,巴爾幹社會主義國家，由馬其頓、塞爾維亞、波士尼亞與赫塞哥維納、克羅埃西亞、斯洛維尼亞、蒙特內哥羅等社會主義共和國所組成，首都為貝爾格勒
3150,日產汽車
3151,政府財政撥款
3152,
3153,1972年
3154,什麼燃料
3155,巴拉馬利波
3156,衝突
3157,腫瘤。嚴重的情況下發生惡性腫瘤，其中上皮組織來源的被稱為癌症
3158,卡爾施塔特
3159,阿拉伯字母
3160,甲醛
3161,1987年
3162,《三國演義》
3163,黃琪翔
3164,中國人民銀行
3165,農夫
3166,玫瑰盃[UNK]
3167,1999年，中央電視台高清試驗頻道啟播，面向北京地區試播，並高清播出了國慶50周年閱兵式，這是央視首次對大型活動進行高清直播。2006年
3168,土地改革
3169,[UNK].[UNK].[UNK][UNK]
3170,荷蘭皇家研究所
3171,楊成武則認為周實際上擔任中央專案組負責人和領導者，並針對劉少奇、賀龍、彭真等人主持專案工作。對於周恩來
3172,1739年
3173,帝國自由城市。自1815年起，法蘭克福自由市
3174,柏林圍牆修建後在1961至1989年間這類逃亡被大幅限制下來，約有5000人在此期間嘗試翻越柏林圍牆。1960年起《開槍射擊令
3175,技術學院
3176,商業
3177,忻城縣
3178,西柏林一側
3179,田春蔚
3180,冬季奧運會
3181,科
3182,農礦部
3183,艾薩克·牛頓
3184,馬薩諸塞州
3185,6世紀
3186,
3187,塞爾維亞
3188,麗貝卡·布蘭克
3189,《義勇軍進行曲》
3190,太平洋戰爭
3191,公元前37年
3192,同化政策，禁止韓語的使用，強迫韓國文壇日語化
3193,莫敦梅
3194,北京
3195,1943年初
3196,威悉河文藝復興風格」。此外，漢諾瓦著名的海恩豪森王宮花園是歐洲巴洛克風格
3197,巴爾幹社會主義國家，由馬其頓、塞爾維亞
3198,15年
3199,燕國
3200,俗世什一稅
3201,貨幣經濟影響
3202,妃傳
3203,
3204,曼努埃爾一世
3205,切羅基人
3206,31個
3207,韓國國語文學陷入空前的黑暗
3208,板橋區貴興路
3209,北竿島
3210,拉彼魯茲
3211,奧圖·普萊明傑
3212,
3213,千佛洞
3214,
3215,
3216,2017年
3217,利奧三世
3218,新北市
3219,量子光學
3220,托土拉島
3221,1946年
3222,30人，有作品傳世的人有近400人，詩歌2萬餘首，文4000篇
3223,鱷魚
3224,多瑙河
3225,35號決議，建議安理會重新審查五國的申請
3226,三跨一懸挑
3227,
3228,江北地區
3229,希臘文化
3230,19世紀
3231,中山
3232,匈奴人
3233,鐵穆爾
3234,倭國
3235,1949年
3236,黃金聖餐杯
3237,會長組成行政中心內閣，下有九部一處一會
3238,[UNK][UNK]等人
3239,昆明原機場昆明巫家壩國際機場
3240,日產汽車
3241,圓口綱
3242,全國邊海防工作
3243,曼尼托巴
3244,1961年
3245,馬爾吉特
3246,11世紀
3247,
3248,傑羅姆萊特文教授
3249,漢族
3250,7席
3251,小高加索山脈
3252,國務院農工部第二、三類產業業務，第一類產業業務則由農礦部
3253,軍事科研
3254,
3255,風暴
3256,民主黨
3257,1636年四月
3258,論述人性本善
3259,不宣而戰
3260,
3261,公元第二世紀
3262,[UNK]-29轟炸機
3263,諸部族後建立的大蒙古國，鐵木真因此被稱為「成吉思汗」。其時蒙古諸部受金朝統轄
3264,漢朝軍事壓力
3265,1924年
3266,中午
3267,鄧小平
3268,民國39年
3269,華萊士
3270,素燃料，燃燒
3271,亞洲金融風暴襲擊韓國
3272,布爾什維克革命
3273,民國元年
3274,1927年
3275,1233年史彌遠死後
3276,4年
3277,馬爾堡
3278,魔鬼終結者
3279,
3280,維多利亞湖
3281,《關於托勒密和哥白尼兩大世界體系的對話》
3282,馬英九
3283,吳兆南相聲劇藝社，限定僅吳兆南直系徒子徒孫可以成為正式團員，成為台灣地區最正統、專業且演員全數有師承的說唱藝術暨表演藝術團隊
3284,朱文圭
3285,巴夏禮
3286,廣島市
3287,監理會
3288,毒品
3289,
3290,沒有
3291,1891米
3292,馬來西亞
3293,弟兄會
3294,92%
3295,
3296,平原
3297,物權法
3298,馬林諾夫斯基
3299,出版
3300,成吉思汗
3301,劉宋宗王
3302,消極的制度治理臺灣
3303,李宗仁
3304,2.80
3305,1971年
3306,1281年
3307,爭取速度上的優勢
3308,八思巴字。八思巴文
3309,厄爾布爾士山脈
3310,士兵
3311,義大利
3312,動物脂肪
3313,汽車
3314,奈及利亞
3315,1955年
3316,976毫米
3317,東方帝國的皇帝，管轄一個幅員不大的拉丁帝國
3318,路易·菲利普國王
3319,師承
3320,1912年
3321,1965年
3322,鐵
3323,君主
3324,9世紀
3325,拿破崙
3326,雅爾達協定》
3327,獅子
3328,宋高宗
3329,西莒島青帆村
3330,美元
3331,黑矮星
3332,獅子派
3333,乾隆皇帝
3334,功利主義
3335,1998年
3336,西班牙
3337,黨委員長
3338,成吉思汗時代
3339,政體並未完全掌控社會經濟
3340,地中海
3341,1897年
3342,四年
3343,銀河水管弦樂團團長文慶鎮及王在山輕音樂團
3344,君士坦丁八世
3345,空氣污染
3346,1949年
3347,岳飛的文學才華
3348,劉牢之
3349,40
3350,長崎縣
3351,五分之四
3352,上海人
3353,民族主義復活
3354,德國
3355,漢語
3356,集安
3357,1970年
3358,毒
3359,李·亞科卡
3360,五年
3361,咖啡因
3362,特瓦族
3363,髒層
3364,絕對零度
3365,遺傳物質
3366,歐陸均勢
3367,海什木
3368,2006年
3369,白[UNK]紀中期
3370,
3371,克勞德夏農
3372,
3373,1932年
3374,人口較南方多出許多
3375,1964年
3376,通俗科幻小說雜誌
3377,法語
3378,政治
3379,臺北市
3380,合肥市政府
3381,理查特里維西克
3382,一般旅客不可進入坑道內參觀
3383,彌爾
3384,宋元豐五年
3385,幽默
3386,普洱市
3387,738年，唐開元二十六年
3388,美國
3389,運輸十分不利
3390,英國
3391,1961年
3392,計劃經濟體制
3393,英國鑑於俄國
3394,聶耳
3395,模特兒
3396,1284年
3397,民國27年
3398,《景祐天竺字源》
3399,314.23萬
3400,2005年3月20日
3401,最根本
3402,路易十四
3403,喬治•赫伯特•沃克•布希
3404,1935年
3405,繼續吞併全印度
3406,伊利諾州
3407,公元前240年
3408,萊布尼茨圖書館珍藏著大約15000封萊布尼茨
3409,性犯罪
3410,沖積作用
3411,孫叔敖造田興水
3412,第二代
3413,黃大仙區
3414,忽必烈
3415,1930年代
3416,自查士丁尼一世
3417,元十七年
3418,
3419,德川家康
3420,哈大客運專線
3421,東北端、小興安嶺西麓
3422,佛教
3423,恰克圖條約
3424,熱帶雨林氣候
3425,獨裁
3426,聖凱薩琳教堂
3427,漢人
3428,協助自殺
3429,
3430,美國[UNK]電視台
3431,1985年
3432,6730
3433,1991年
3434,11世紀
3435,郭松齡
3436,1931年
3437,歐
3438,共產主義
3439,天皇
3440,2014年
3441,
3442,股份制
3443,四點五代行動通訊技術時代。2013年5月12日
3444,飛機
3445,1976年
3446,
3447,15個
3448,
3449,希洛分基地
3450,
3451,雍正年間皇帝
3452,
3453,雨果
3454,鄧小平
3455,未婚
3456,克拉科夫及立陶宛大公國首都維爾紐斯
3457,民國17年1月
3458,《聯邦調查局》
3459,雜交帶
3460,1990年代
3461,《三千年豔屍記》
3462,1978年
3463,儒家思想
3464,1998年1月1日
3465,12架
3466,
3467,1897年
3468,總理
3469,1992年
3470,元弘之亂
3471,火山活動
3472,倭王權
3473,中環
3474,1991年
3475,蘇維埃化過程中，約瑟夫與高加索局
3476,大部分的時間都在國外生活
3477,
3478,大爆炸理論
3479,新南威爾斯學校
3480,良好行為
3481,興水
3482,中華人民共和國
3483,朱棣
3484,2.6%和政府開支的15%都用於國防建設。韓國擁有世界第6
3485,軍隊士兵主要由穆斯林和印度教徒構成
3486,亞俄
3487,東漢
3488,1941年
3489,生命線類
3490,機場快線
3491,國境
3492,《傷寒雜病論》
3493,歐洲
3494,梵語
3495,魯特漢斯雷頓
3496,第一個書寫梵語的證據，出現在網魚他
3497,1974年
3498,馬祖列島
3499,交通部觀光局
3500,9.25公里
3501,白犬列島
3502,燈塔
3503,
3504,兩小時
3505,連江
3506,馬祖福
3507,連江縣政府
3508,元宵節
3509,農曆九月
3510,農曆九月
3511,馬住
3512,水餃
3513,軍事
3514,軍事重地一一捷徑成爲民衆光的景點兒，馬祖列島的多山岩礁沿岸地形也造就了許多值得觀光的美景，縣政府特別針對觀光
3515,戰時掩蔽
3516,北幹最美麗
3517,235歲
3518,網球
3519,體育運動
3520,網球
3521,主裁判
3522,主裁判
3523,主裁判
3524,中林網球賽
3525,國家
3526,網球
3527,西方式握拍
3528,西方式握拍
3529,西方式握拍
3530,14世紀
3531,布包着頭髮製成的球互相對打。以後這種遊戲經過發展，碳給樑用網袋
3532,下旋球
3533,下旋
3534,
3535,發球線
3536,一局比賽結束之後
3537,5盤
3538,率先
3539,四年
3540,四年
3541,四年
3542,27.828
3543,新北市
3544,新北市
3545,臺灣鐵路管理局在目前在新北市的主要路線，有種怪現象現，其中位於新板特區的，板橋車站
3546,新板特區的，板橋車站，爲新北市的交通樞紐
3547,臺北市公車聯營管理中心
3548,
3549,淡水河
3550,新北市
3551,42.00[UNK]
3552,芙蓉海水浴場
3553,新北市政府文化局
3554,2007年10月1日
3555,東北
3556,北部
3557,新北市
3558,120公里
3559,東海
3560,動物界
3561,耶穌傳道
3562,雅客
3563,le跟
3564,le跟
3565,
3566,約翰
3567,
3568,約翰
3569,馬利亞
3570,馬利亞
3571,聯邦制
3572,瑪利亞
3573,1997年，歐盟出資對
3574,2001年3月
3575,城市
3576,今天
3577,永久性防禦設施，主要用於防禦野獸侵襲，後來演變爲防禦敵方清洗
3578,城市規劃
3579,
3580,韓修建性詳細規劃
3581,閃電
3582,美國郵政高得多
3583,夏威夷檀香山
3584,季節性
3585,安東尼奧王牌特工第機場
3586,2012年9月
3587,212平方英里
3588,關島
3589,官道爲瑪麗安娜羣島
3590,官道
3591,丘陵
3592,
3593,颱風走廊上
3594,混凝土結構
3595,哈爾斯山脈
3596,三天
3597,格哈特施洛德，是後來的聯邦德國總理
3598,糙米發芽而成。去河津超音波洗淨，表面雜質，再以溫水發牙，18-22個小時，以低溫烘焙而成。營養強化米
3599,
3600,太陽
3601,太陽
3602,白[UNK]紀
3603,三點系滅絕事件，結束於白[UNK]紀第三紀滅絕事件
3604,盤古大陸
3605,知識碳系晚期
3606,白[UNK]紀
3607,費力組織
3608,非營利組織
3609,費力組織
3610,會員大會
3611,展場模特兒
3612,展場模特兒
3613,展場模特兒
3614,武裝軍隊
3615,部落
3616,大荔枝紋
3617,政治家
3618,政治人物
3619,失望
3620,13日
3621,1961年8月12日
3622,年輕人
3623,1963年
3624,布拉格之春
3625,1971年4月10日
3626,1971年4月10日
3627,44年
3628,1989年
3629,
3630,聯合國
3631,1949年
3632,1950年代，由於政治。除建立兩德邊境外，1961年
3633,東德政府
3634,經濟體
3635,500席
3636,布拉格之春
3637,受布拉格之春影響，出現了許多，致力於推進人權
3638,移民
3639,1948年
3640,西方國家
3641,統一社會黨
3642,500元
3643,1985年
3644,東德憲法第18條，社會主義文化，國家憲法吧，宜昌服務社會主義的。他後期要另外指出藝術的創作基礎，是藝術家與人民生活的密切聯繫
3645,劇院
3646,劇院
3647,1988年爲955座。1857年
3648,955座
3649,人文學科
3650,天主教
3651,1945年
3652,馬克思主義學說
3653,德意志民主共和國
3654,西柏林
3655,金大中
3656,釜山1470毫米。韓國大部分地區爲中文帶
3657,闊葉林
3658,寒鬆闊葉
3659,韓國
3660,
3661,氣井
3662,韓國
3663,韓國
3664,徐志健
3665,2007年5月
3666,韓國科學技術研究院
3667,韓國
3668,韓國總統
3669,蘇聯
3670,儒教
3671,1895年
3672,韓國文化有韓國
3673,風水
3674,風水
3675,三國時期
3676,民間口頭傳說
3677,日本無條件投降
3678,韓國
3679,電視法
3680,2000年
3681,2000年開始
3682,
3683,狗肉
3684,韓國
3685,乳全身益生菌
3686,
3687,金屬筷子
3688,韓國燒酒
3689,2790060
3690,2790060
3691,多倫多
3692,4月中旬
3693,十
3694,
3695,多倫多皮爾遜國際機場
3696,多倫多皮爾遜國際機場
3697,速龍隊及楓葉隊
3698,楓葉隊
3699,多倫多證券交易所
3700,多倫多
3701,多倫多證券交易所是世界第七大交易所，總部設於室內，有多數在那大公司在這裏上市。多倫多
3702,25萬英畝
3703,法國商人在今日加拿大博覽會會場的位置，建立了一個要塞，但在1759年將它廢棄
3704,1787年
3705,1793年
3706,1793年
3707,1834年3月6日
3708,鐵路
3709,1921年
3710,81人
3711,1107萬平方公里
3712,
3713,南京
3714,康熙年間至乾隆年間
3715,龍興
3716,康熙年間至乾隆年間
3717,撒韋凡部由理藩院
3718,明清
3719,西藏在清代
3720,住宅
3721,高句麗
3722,精英政治
3723,
3724,王都成
3725,司馬懿
3726,水與高句麗
3727,高句麗
3728,李世民
3729,高句麗
3730,
3731,冬天
3732,新羅
3733,新羅
3734,新羅神
3735,體積顏色
3736,熱力學
3737,不確定性
3738,
3739,格力
3740,負面
3741,全美最強烈的大學和反應爐之一。不過紫色絲病非常接近民居
3742,比爾蓋茨
3743,比爾蓋茨首次以私人名譽及公積金。其他著名校園建築包括了加壓風洞及傳播水池，用於測試海上船隻或設備模型。麻省理工
3744,功課
3745,秋季
3746,陳妹
3747,224名
3748,研究生指導，出席學術委員會以及進行研究
3749,總統科技顧問委員會
3750,47位
3751,麻省理工學院
3752,路易斯委員會
3753,人文
3754,正職校長期間
3755,社會科學院
3756,房貸克
3757,聖母院博物館
3758,65萬人
3759,史特拉斯堡的居民種族構成爲，法蘭西人
3760,19世紀末
3761,第二次世界大戰
3762,旅遊業
3763,第二大
3764,萊茵河航運中央委員會
3765,史特拉斯堡
3766,凱爾特人
3767,w
3768,神聖羅馬帝國
3769,路德會大學
3770,馬賽曲
3771,19世紀
3772,德意志帝國
3773,四教
3774,歐洲文藝復興
3775,後現代主義
3776,1650年
3777,後現代主義
3778,政治哲學
3779,漢國家
3780,柏拉圖
3781,基督教
3782,阿奎那
3783,蘇聯時期
3784,電力
3785,
3786,峨眉山
3787,嘉州
3788,清朝
3789,嘉州
3790,中世紀
3791,哈康五世
3792,1299年
3793,哥本哈根
3794,哥本哈根
3795,1814年
3796,火車站
3797,新城區
3798,1854年克里斯蒂安尼亞的第一個火車站建成。1878年
3799,火車站
3800,西漢
3801,商朝
3802,郡縣制
3803,琅琊國
3804,約阿基姆
3805,9月6日
3806,紅軍師及漢軍級指揮官
3807,軍事專家被僱用，偶爾也扣留家屬爲人質
3808,蘇聯
3809,和平協定
3810,平協定
3811,德意志國防軍
3812,垃圾陽行動中的勝利起了決定性的作用。1941年，蘇聯政府
3813,德意志國防軍
3814,近衛頭銜
3815,146人
3816,68人
3817,解放軍
3818,黃厝村塔頭社
3819,美國第七艦隊
3820,蔡英文
3821,蔡英文
3822,1912年
3823,國共內戰
3824,國共內戰時期
3825,共產黨員在國民黨
3826,中華民國
3827,1937年
3828,西安事變
3829,1945年
3830,渡江戰役
3831,1955年
3832,廣州
3833,國共合作。陳炯明
3834,北伐必敗論
3835,盧溝橋事變
3836,中共
3837,皖南
3838,金文泰
3839,金文泰
3840,1985年
3841,加林查
3842,加林查
3843,1958年
3844,1934年世界盃，在首輪1:3負零西班牙。在1938年法國世界盃
3845,巴西
3846,金球獎
3847,1998年
3848,倫敦奧運
3849,2014年
3850,第二波新政
3851,民主黨
3852,7月19
3853,德懷特艾森豪
3854,豬灣入侵
3855,美國
3856,案
3857,非裔美國人
3858,民主黨在南方傳統保守白人票源，以及在北方都市天主教支持度
3859,理查德克森
3860,埃莉諾羅斯福
3861,德州
3862,黑人
3863,能源部
3864,通信
3865,維吉尼亞州
3866,白人
3867,共和黨革命
3868,加拿大
3869,白水門事件及萊溫斯基醜聞等政治醜聞
3870,改變
3871,凡爾賽條約
3872,威爾遜
3873,高峯會第11次會議
3874,2010年5月18日至20日
3875,2008年
3876,潘基文
3877,9月25日
3878,八達洛夫
3879,20多年
3880,菜豆
3881,礦泉
3882,1100公尺
3883,新美天津大理石
3884,1920年
3885,
3886,
3887,亞塞拜然人
3888,赫哲族
3889,唐代
3890,智騎都尉
3891,1284年鬼違反原。1285年
3892,努兒乾地方
3893,明朝
3894,沙皇俄國批准成立二妹公司
3895,沙皇俄國
3896,嘉禾二年
3897,公孫淵
3898,公孫淵
3899,二十一四天
3900,梅雨時期
3901,2010年
3902,九州旅客鐵道承擔，但也有到原鐵道，松浦鐵道，長期電氣鐵道，三傢俬鐵公司
3903,舊石器時代
3904,雲仙
3905,長崎縣內古墳最多的地區，其中雙流股份是長崎縣最大的前方後圓墳
3906,佐世保市的輔警洞窟
3907,佐世堡郊區的豪斯登堡
3908,朱小芳
3909,斯洛文尼亞
3910,克羅埃西亞
3911,塞爾維亞克拉伊納共和國
3912,浙大克羅埃西亞主義
3913,1991年
3914,馬其頓共和國
3915,南斯拉夫反法西斯人民解放委員會
3916,1945年
3917,2月10日是大連牆壁，南斯拉夫代表，該國的外交政策，必須先過問蘇聯的意見，截止於2月底，無預警的中斷兩國之間的貿易條約，3月
3918,南斯拉夫
3919,蘇聯
3920,會主義
3921,1980年
3922,失業率攀升
3923,
3924,遺傳物質技術
3925,生物技術
3926,基因工程
3927,1973
3928,基因轉制動物
3929,
3930,胰島素生長激素
3931,
3932,雜交
3933,複製
3934,基因轉殖生物
3935,同源基因
3936,加拿大
3937,美國憲法
3938,17歲
3939,美國綠卡
3940,國家安全會議
3941,美國國土安全部
3942,水泥
3943,水泥骨料
3944,洋灰使
3945,洋灰
3946,
3947,孔明車
3948,臺灣
3949,45公里
3950,亞當斯密
3951,舉債
3952,軌道運輸
3953,
3954,最安全
3955,丁磊
3956,出售郵件系統軟體授權，1998年推出了163.com
3957,163
3958,
3959,2013年
3960,分析通訊系統
3961,發信機
3962,精神障礙
3963,心理衛生服務
3964,病程記錄，自殺的一排人在一年內會完成自殺
3965,烈酒
3966,烈酒使用
3967,蕭道成建奇以宋
3968,清徐集團
3969,泰晤士報
3970,泰晤士報
3971,倫敦時報
3972,保守黨
3973,
3974,476年
3975,吸毒帝國
3976,阿瓦爾人
3977,
3978,廣州
3979,黃帝
3980,黃帝作
3981,江南平原
3982,六
3983,
3984,
3985,王永清
3986,之功
3987,嘉義市
3988,應選
3989,張之洞
3990,1890年
3991,武漢水利電力大學
3992,武漢水利電力大學
3993,2013年
3994,威廉吉爾伯特
3995,吉爾古特
3996,班傑明富蘭克林
3997,富蘭克林
3998,
3999,熱能
4000,同級發電機
4001,摩擦起電效應
4002,感覺得到能使肌肉，發生纖維性抽搐
4003,最佳作品獎
4004,非預定
4005,奧斯卡金像獎之一
4006,美國電影藝術與科學學院
4007,米蘭德
4008,追求形式的完美
4009,米蘭德
4010,磨山
4011,5000倍
4012,公轉週期
4013,七天三小時
4014,前3500年到公元前1000年
4015,明兒
4016,尼羅河
4017,恆河
4018,20卡
4019,奧斯卡金像獎
4020,奧斯卡金像獎之一，929年設立以來，每年都在加州洛杉磯
4021,瑪格麗特喝力克女士
4022,奧斯卡
4023,金獎杯
4024,1939年
4025,廈門大學300多師生因學潮離校前，上海盛業大廈大學
4026,東營廈門大學
4027,東營廈門大學教師教學質量不好
4028,戊戌變法是木
4029,梁啓超
4030,徐才厚
4031,徐才厚
4032,蘇聯
4033,光緒皇帝
4034,君王大一
4035,義和拳
4036,李提摩
4037,2007年
4038,8851.8公里
4039,春秋戰國時代
4040,漢代
4041,蒙古
4042,漢代
4043,朝鮮
4044,厚土訣
4045,明朝
4046,點燃煙火
4047,長城
4048,中英煙臺條約
4049,煙臺條約續增專條
4050,泰語中區人民公園
4051,重慶
4052,泰語中區人民公園
4053,泰語
4054,重慶
4055,火災
4056,重慶
4057,四川省
4058,兵工廠
4059,沙坪壩公園保留有全國唯一留存的紅衛兵公墓。武道中
4060,重慶地區
4061,
4062,
4063,第七
4064,子工業
4065,重慶
4066,馬關條約
4067,裝甲
4068,土製裝甲
4069,坦克彈
4070,不然
4071,辦公摩天大樓
4072,陳水扁
4073,
4074,巡撫
4075,中國共產黨
4076,楊總訂
4077,1895年
4078,麻州
4079,反對同性婚姻的人大，都將一夫一妻
4080,炎症
4081,1995年
4082,單身收養制度
4083,400萬
4084,不受社會福利保障
4085,騰訊
4086,歐洲國家，荷蘭
4087,歐洲國家，荷蘭
4088,14個
4089,1884年
4090,德國
4091,1939年
4092,1929年
4093,賓夕法尼亞州
4094,只飛蟻
4095,60歲
4096,沙皇亞歷山大三世指派的一位二國將軍
4097,英國
4098,1989年
4099,漢國家
4100,綠島
4101,活體珊瑚
4102,兩個
4103,
4104,滅
4105,19世紀
4106,佛教經典味軒祝諸法皆空之一的大乘佛教
4107,玄奘法師
4108,宋朝
4109,東吳大學
4110,
4111,可以互相溝通的，雖然有不少與會不一定完全相同
4112,閩南語
4113,1945年
4114,1966年
4115,1942年
4116,1944年
4117,75
4118,美國電影學會
4119,1985年
4120,1991年
4121,1948年
4122,小白兔
4123,優秀西部片演員
4124,1945年
4125,最高榮譽
4126,1945年
4127,
4128,
4129,求婚喔
4130,1949年
4131,
4132,麥克麥克林
4133,政治
4134,1939年
4135,上流社會
4136,豐臣秀吉
4137,1592年
4138,岩石圈
4139,有岩漿冷卻凝固
4140,
4141,一個月
4142,心臟眼睛，急性腎臟造成損害
4143,心臟病
4144,生產地
4145,英國
4146,日本
4147,1984年
4148,2008年
4149,1789年
4150,
4151,
4152,1899年
4153,阿伊努協會
4154,釣魚臺
4155,動植物
4156,山羊
4157,釣魚臺主權
4158,1543年派遣至琉球國擔任冊封使的陳凱
4159,1918年
4160,1918年
4161,釣魚臺最終在鼎盛時期，共計有99戶，247人一同生活在島嶼上，而古賀辰四郎也因爲其與養殖業等產業的攻擊，而在1909年時候的日本政府搬走，難受包裝。1918年，古賀辰四郎
4162,航路標誌法
4163,1月14日
4164,1857年
4165,巴麥尊
4166,
4167,1858年
4168,5月20日
4169,2011年
4170,梅雨季節
4171,東芝
4172,財報造假而面臨倒閉風險。2015年7月爆發，涉及高達16億美元的會計造假案件，主要爲來自晶片及半導體部門的虛假營銷
4173,2015年
4174,2006年
4175,豐田汽車
4176,公元372年正式傳入韓國，當時是三國時期的高勾麗。可是根據中國的記錄及佛教壁畫顯示，佛教早於這個官方日子。公元384年
4177,藝術風格
4178,印度佛教
4179,巴厘島
4180,
4181,喜馬拉雅山區
4182,12世紀
4183,水墨畫
4184,漢明帝
4185,希臘
4186,南北朝時期
4187,抽象性表達方法
4188,唐朝
4189,長安
4190,莫高窟
4191,約翰克希爾
4192,1831年
4193,巴爾幹半島的君主制
4194,君主制
4195,激進黨
4196,被監禁
4197,1921年
4198,拉丁
4199,倭寇
4200,南宋
4201,清同治年間
4202,五月天作曲
4203,首次參與電影
4204,2001年
4205,馬莎正式進入義工隊服役
4206,1790年
4207,法國
4208,貝爾福
4209,1939年
4210,皇家自由醫院
4211,皇家自由醫院
4212,1939年
4213,伊斯靈頓
4214,中央機關爲理事會
4215,教務長
4216,中國民主建國會
4217,文化教育界高級人士
4218,遷川工廠聯合會
4219,宋慶齡
4220,1945年
4221,國際聯盟
4222,極盛時期，會員國數量高達58個
4223,凡爾賽條約
4224,1960年
4225,1960年
4226,外圍賽
4227,
4228,西班牙
4229,抽籤
4230,1927年
4231,1955年
4232,法國
4233,
4234,地區性國際政治組織
4235,非洲
4236,內蒙古自治區
4237,關內
4238,朝陽市
4239,四個
4240,
4241,徵兵制
4242,波斯灣東南岸
4243,
4244,西方商業
4245,英國
4246,1892年
4247,管理者鼓勵商業貿易
4248,1966年
4249,1971年，英國作爲保護國離開波斯灣，杜拜年和阿布扎比和其它五個酋長國，於1971年12月2日成立了阿拉伯聯合大公國，1973年
4250,2006年
4251,全部完成。杜柏彬水城區2005年2月建設宣佈動工，他有華盛頓特區的兩倍半大小，大約爲曼哈頓島的七
4252,皇家法律
4253,142個
4254,道路
4255,1937年
4256,非裔美國人
4257,1960年
4258,法律制裁
4259,募兵以後
4260,羅馬公民權
4261,奧古斯都
4262,薪水
4263,百夫長
4264,河南
4265,2002年
4266,黃河鐵路公路大橋
4267,1952年
4268,南國農蕭樹滋
4269,蕭樹滋
4270,李克東
4271,蕭樹滋
4272,饅頭
4273,饅頭
4274,[UNK]包
4275,霧靈山區。南寧，黔東南州西街，遵義市，北與重慶市璧林
4276,丘陵
4277,霧靈山區
4278,柏林
4279,磚石
4280,將其與西德領土分割開來
4281,柏林圍牆
4282,四個
4283,1949年
4284,1949年
4285,1961年
4286,烏利希
4287,客座教授
4288,肝癌
4289,1978年
4290,1979年
4291,1979年
4292,國際奧委會第48屆年會
4293,中華人民共和國
4294,學忠案
4295,分離主義
4296,李烈鈞
4297,公權五。12月31日，張學良從宋子文公館
4298,人家軍事委員會
4299,肝臟
4300,興奮劑
4301,細胞色素
4302,英國
4303,1711年
4304,西班牙
4305,漢韻盈
4306,文化大革命
4307,漢韻盈
4308,人民日報
4309,香港站
4310,2012年
4311,香港站
4312,九龍站
4313,漢江
4314,南鎮，冰川漢網
4315,漢江看水
4316,
4317,私立研究型
4318,冰大
4319,華頓商學院
4320,第四
4321,唐朝
4322,劍橋大學
4323,92英畝
4324,獸醫學院
4325,雨水
4326,林業
4327,
4328,塞爾維亞
4329,1920年
4330,1997年
4331,俄羅斯聯邦
4332,共和國元首
4333,第二次世界大戰
4334,中南海位於中國北京市西城區西長安街街道，泛指晉城，新方定北海，東海及南海的區域，是中華人民共和國國務院，中共中央書記處，在中共中央辦公廳等重要機關辦公所在地
4335,明代
4336,中共中央書記處，在中共中央辦公廳等重要機關辦公所在地。中華人民共和國成立後
4337,東海
4338,袁世凱
4339,袁世凱
4340,中南
4341,新華門
4342,1975年
4343,臺北有伴和做
4344,1960年
4345,八卦臺地區
4346,1959年
4347,張老師
4348,張老師
4349,四年
4350,彰化市公所
4351,加入歐盟
4352,基督教
4353,西元337年
4354,723公里
4355,北高加索聯邦區
4356,克拉斯諾達爾
4357,俄羅斯
4358,農業
4359,計劃經濟
4360,2014年
4361,楊宇
4362,
4363,1925年1月12日
4364,1923年
4365,九龍寨城及九龍強村
4366,漢美東村
4367,19世紀
4368,漢美東村
4369,軍售要人物之一。其軍事集團是蔣中正比系
4370,1917年
4371,1917年，曾在省立第11示範學校第二期畢業。一年，帶着妻子嫁妝到杭州，插班考入體育學校，杭州省立帖專項檢驗，一個月
4372,杭州
4373,1934年
4374,蔣中正
4375,蔣中正
4376,廣州行營
4377,貝萊爾王國獨回，新來的天主教居民使用古來暗喻，並於12世紀左右來到今日的，愛斯特雷馬杜拉里。萊昂王國，給卡斯蒂利亞王國聯盟
4378,
4379,青海東部。面積2740平方公里
4380,海東市
4381,北宋
4382,修水
4383,49.2%
4384,3.92萬畝
4385,3
4386,喜馬拉雅山
4387,6656米
4388,青唐古拉山脈
4389,庚子賠款，有關稅及飲水中客戶
4390,庚子
4391,1943年
4392,1899年
4393,滅絕
4394,人類真快的生物滅絕速度，但是人類
4395,金正恩
4396,社會主義市場經濟體制
4397,金正恩
4398,2009年
4399,金正恩
4400,第149位
4401,卡蓋拉河
4402,1990年
4403,公路網絡
4404,
4405,1974年
4406,
4407,聯合國
4408,乞丐
4409,君主制
4410,特瓦族
4411,2000年
4412,阿拉伯語漢語國際頻道全面改造新臺址
4413,2010年
4414,央視網域名，其節目點播一變回了央視網標誌
4415,1988年
4416,2009年初
4417,被動
4418,消費者
4419,
4420,58勝24負
4421,紐約尼克
4422,紐約尼克
4423,2003年
4424,21負
4425,2004年
4426,張嶺爲正一真人使命爲上清真人
4427,道士
4428,火居道士
4429,正一派
4430,英國
4431,約翰羅納德魯埃爾托爾金
4432,靈感來源，包刮骨，英語文學如被二五補，北歐賽加入，沃爾鬆格傳說
4433,芬蘭
4434,1915年
4435,1968年
4436,1815年
4437,1934年
4438,風光
4439,人權
4440,20世紀
4441,清末民初
4442,王怡
4443,戶籍制度
4444,公民遷徙
4445,六四事件
4446,中華人民共和國
4447,中華人民共和國外交部發言人
4448,汪洋
4449,中國
4450,價值爭議
4451,教養
4452,蔣中正
4453,畜牧業
4454,產品
4455,瓦解
4456,19世紀
4457,拿破崙
4458,清發程度
4459,1857年
4460,1858年
4461,外交戰略失誤，最終是拿破崙付出代價
4462,1870年
4463,德意志帝國
4464,1873年
4465,1850年
4466,橡皮圖章，形同虛設，實權完全
4467,實權
4468,中華人民共和國
4469,2000年
4470,戰國時期
4471,最熱月平均氣溫24.4
4472,五八股諺
4473,中國
4474,問你伯
4475,溫尼伯湖
4476,冰河時期
4477,回程
4478,1611年
4479,蘇維埃俄國
4480,2003年
4481,航空運輸
4482,機場聯絡軌道系統
4483,機場聯絡軌道系統
4484,2395平方公里
4485,雲南省
4486,200米
4487,抑制器
4488,卡賓槍概念，也接近後來的個人防衛武器
4489,可以
4490,德國
4491,[UNK]壕戰
4492,同盟國
4493,英國
4494,1960年
4495,陝西省
4496,南亞鷺江區
4497,陝西省中南部
4498,副熱帶季風氣候
4499,木本植物
4500,對秦嶺山麓的描寫。現已建成多條穿越秦嶺的鐵路和高速公路
4501,大正元年
4502,miss動十件
4503,米加幾張日本農村爆發，miss動十件
4504,臺灣日治時期
4505,1927年
4506,一二八事變
4507,太平洋戰爭
4508,修改日美安保條約
4509,修改日美安保條約
4510,健康
4511,田中被
4512,退選
4513,警戒錐加工
4514,敗福田赳夫組閣。昭和55年，日本社會黨
4515,平成時代
4516,白[UNK]傳來，朝廷中兩大勢力之一的蘇
4517,587年
4518,710年
4519,587年
4520,源平合戰
4521,
4522,廉倉
4523,女媧
4524,妹妹
4525,不樂者所侍奉
4526,統計力學
4527,統計力學
4528,1977年
4529,北美洲
4530,中國
4531,1534年
4532,印度中國
4533,沙勿略
4534,印度
4535,咱兒
4536,談判反艦
4537,河北戰事不利
4538,七月初十
4539,保定
4540,朱莉接
4541,873
4542,越來越嚴重的作用
4543,擊敗武高
4544,吳高帥
4545,中央軍委一次獲勝的機會是嘟嘟或能公章，一門幾乎要攻下時，因背離所容所繫只得停止。功敗垂成。農曆十月，北平勝寒冷，於是燕軍守城部隊
4546,
4547,潮州體育館，西湖山全民健身廣場
4548,籃球特招生，而龍舟賽的規模及牆面，都頗爲壯觀激烈，每年均有近一百條龍舟下水進度表演，運動員最高達到2000多人。1953年成立，潮州市體委
4549,體育領導機構
4550,[UNK]江
4551,2000年
4552,亞熱帶海洋性季風氣候
4553,李清主
4554,潮州
4555,2008年
4556,14800日元
4557,9800日元到14800日元
4558,1995年
4559,民族主義
4560,12億
4561,伊斯蘭文明，不包括生活在該文明的非穆斯林
4562,賓夕法尼亞州
4563,人口統計
4564,2006年
4565,皮之寶
4566,灰石
4567,具有大規模發展鋼鐵工業的良好條件
4568,皮之寶
4569,文藝復興
4570,瑞士近衛隊
4571,基羅
4572,意大利
4573,積極進攻戰術
4574,薩爾瓦託雷
4575,中國南海
4576,西沙羣島
4577,國共內戰
4578,法國
4579,
4580,王世傑
4581,中華民國政府
4582,1950年
4583,加油站附屬小店
4584,1980年
4585,60年代開始發展
4586,阿斯頓公園球場
4587,阿斯頓維拉
4588,1987年
4589,5000000美元。這項結果導致於許多世界摔角聯盟的選手加入當時主要競爭對手，世界冠軍摔角的旗下，包含全wwf冠軍或客戶肯。在這段期間，世界摔角聯盟打出了www
4590,1993年
4591,1961年
4592,嘉靖九年
4593,三層
4594,青年店
4595,青年店
4596,巴西庫裏奇巴啓用的整合交通網。之後啓發了許多與巴西itunes，上次的系統，如於2000年在，哥倫比亞波哥大
4597,巴西itunes
4598,1859年
4599,生物演化
4600,住宅區
4601,六七十年
4602,清醒工業區
4603,九龍
4604,
4605,25個
4606,老羅斯福
4607,完顏宗弼
4608,完顏宗弼
4609,完顏宗弼
4610,後勤
4611,不能
4612,張應黨
4613,岳家軍
4614,莫須有
4615,朱仙鎮
4616,北京市
4617,6月
4618,2001年
4619,大興區
4620,磨砂
4621,甲午戰爭
4622,臺灣西部
4623,馬關條約
4624,三個月
4625,
4626,1980年代
4627,1980年
4628,農業
4629,1996年
4630,李登輝
4631,總統直選
4632,多元文化主義
4633,胡爾摩沙
4634,海拔高度
4635,乾旱
4636,1972年
4637,烏山頭水庫
4638,1972年
4639,擺脫石油危機，政府致力推動十大建設
4640,
4641,擺脫石油危機
4642,1987年
4643,臺灣政黨林立
4644,日治時期
4645,21個
4646,中華人民共和國
4647,
4648,世界衛生組織邀請，以觀察員身份參加世界衛生大會
4649,2009年
4650,臺灣文化基金會
4651,聯合國世界觀光組織
4652,1995年
4653,元宵節
4654,元宵節
4655,香火鼎盛
4656,清治時期
4657,口味
4658,口味
4659,英語
4660,1932年
4661,
4662,女神
4663,16世紀
4664,明朝
4665,27個
4666,
4667,二戰
4668,臺展，等官辦美展中活躍的畫家爲主，日本文化，和西洋畫風是當時的主流。一週五年代，化成主流，以大陸來臺的水墨畫家，與日治時期的本土喜歡家爲主，繪畫技巧比較傳統。1960年代開始，新生代畫家引入西方的抽象化的風格，美術風格走向西化。1970年代，鄉土意識擡頭後，繪畫題材在區本土化
4669,中華隊
4670,高雄市
4671,巧固球
4672,世界
4673,找到薛海燕
4674,公共衛生問題
4675,飛機
4676,100億美元
4677,四川省
4678,峨眉山
4679,廣東話，廣州話
4680,粵語
4681,中華人民共和國
4682,瑞士
4683,歐洲
4684,阿爾卑斯山脈
4685,挪威
4686,1948年
4687,德國
4688,德國
4689,英國
4690,英國
4691,混合動力技術
4692,國務院
4693,1994年
4694,1995年
4695,44名
4696,1972年
4697,1972年
4698,田納西州
4699,1998年
4700,喬利伯曼
4701,
4702,英國
4703,量子力學
4704,1999年
4705,1933年
4706,狄拉克
4707,布里託
4708,迪拉克
4709,科本哈根
4710,真空極化
4711,1930年
4712,他不想出名
4713,吃蛋雞
4714,1937年
4715,佛教
4716,天道
4717,
4718,巨大捕食壓力裝進化的，而新的環境中沒有競爭者
4719,
4720,洋務運動
4721,蔣公玉棟
4722,蔣公玉
4723,伊斯蘭教
4724,十字軍東征
4725,中國
4726,宗教激進主義
4727,科學革命
4728,20世紀初的文學也出現了革命性變化，代表着我愛因斯坦。他於1905年
4729,劉銘傳
4730,舊金山和約
4731,周恩來
4732,支持日本關于歸還領土的要求是中國的一貫政策
4733,中國大陸
4734,公元三世紀
4735,張一俊
4736,1992年
4737,俄羅斯聯邦沒有完全接替該國，最後仍爲俄羅斯聯邦主體之一
4738,1992年
4739,1944年
4740,
4741,蘇聯
4742,哭泣
4743,1.0
4744,開裂
4745,
4746,國際海洋法中解決國家
4747,國際海洋法中解決國家
4748,下議院
4749,五年
4750,信任案
4751,愛爾蘭
4752,愛爾蘭
4753,愛德華二世
4754,國內的貴族政治與神職人員影響重大
4755,
4756,委託人
4757,夏朝
4758,蘇菲派
4759,瓦哈比派
4760,一二八事變
4761,1933年
4762,日軍
4763,1983年
4764,1984年
4765,
4766,工程打樁
4767,1987年
4768,華東建築設計院
4769,候車入口
4770,
4771,福建籍
4772,
4773,金融中心地位
4774,2004年
4775,購物區
4776,金朝陽集團
4777,香港
4778,香港
4779,香港
4780,以元末明初各省的遷移，大致平定記起
4781,北宋
4782,佛山
4783,六七暴動
4784,1950年
4785,東區
4786,葵涌人
4787,陳灣區
4788,一[UNK]
4789,九龍東
4790,廣東
4791,1945年後由大陸移居或偷渡到港的人。1980年戰時，政府實施即捕即解，此前30年人口以每十年100萬的速度高速增長，1945年人口50萬，1950年人口220萬，1980年
4792,移居
4793,
4794,上環
4795,潮州人
4796,語言相約
4797,英國
4798,郭春秧
4799,閩南人
4800,李嘉誠
4801,香港富豪榜，總財產比郭鶴年作業多，很大量投資是在歐洲
4802,太平天國戰亂
4803,港
4804,客人稱爲港
4805,1970年
4806,色情行業
4807,山水瘦肉粥街
4808,1980年代
4809,北角寶馬山建立香港日本人學校，以專門提供日及家庭的子女就讀。後來的日本人在香港
4810,13%
4811,青龍教
4812,男少
4813,
4814,1057
4815,1954年
4816,
4817,大陳島，江大陳島上的居民與軍隊全數遷移至臺灣
4818,金剛計劃
4819,
4820,四天
4821,中央山脈山麓
4822,臺東市
4823,臺灣東南隅
4824,元旦
4825,1976年
4826,宋慶齡
4827,擔任者在中國共產黨內的地位和職務
4828,1982年
4829,馬利亞金庫塔斯
4830,新石器時代
4831,鼓吹民族民主革命
4832,民國19年
4833,民國19年
4834,民國34年
4835,漢路
4836,國君
4837,湖北省
4838,潛江高石碑鎮
4839,王文便
4840,南京
4841,
4842,勝利
4843,參贊
4844,正德16年
4845,高原
4846,
4847,南極
4848,
4849,聯邦總理
4850,不
4851,1871年
4852,互相制衡作用
4853,總統和內閣
4854,約翰洛克
4855,英國
4856,出國民議會
4857,1974年
4858,受到1974年葡萄牙康乃馨革命影響
4859,孫中山
4860,三權
4861,2005年
4862,國防部
4863,1.336
4864,中華人民共和國
4865,安徽省
4866,一處
4867,
4868,美國工業工程師學會
4869,
4870,科學管理
4871,
4872,南華早報還是星期日出版的，星期日南華早報
4873,1997年
4874,1971年
4875,
4876,紙皮漢網路版
4877,2006年
4878,李澤楷
4879,阿里，不哥
4880,改元
4881,大蒙古國
4882,元世祖
4883,1668年
4884,颱風來襲
4885,男人藏有大量財物，一沒收已解決朝廷的財政問題
4886,1260年
4887,忽必烈
4888,1279年
4889,忽必烈
4890,河南
4891,
4892,北元勢力
4893,1206年
4894,農村
4895,叔嬸
4896,1260年
4897,1289年
4898,法國
4899,1316年
4900,傳教
4901,1217年
4902,蒙古軍
4903,官田漢四天兩種。官田主要來自宋京的官田，兩朝黃金國際，權貴烤肉
4904,無主荒地
4905,自然災害
4906,畜牧業
4907,鳥寧靜
4908,黃道婆
4909,繁榮
4910,元朝
4911,元朝
4912,元朝
4913,選真人
4914,伊斯蘭教
4915,伊斯蘭教
4916,王羲之
4917,草書
4918,景德鎮
4919,1280年
4920,貝南
4921,約魯巴
4922,平原
4923,南非
4924,南非
4925,北京
4926,燕京大學
4927,中央民族學院
4928,美國及英國
4929,中華人民共和國政府
4930,2005年
4931,武力解決
4932,1970年代初
4933,中國大陸
4934,調整經濟政策
4935,2002年
4936,年代
4937,人口的流動，家庭結構也隨之變化小
4938,1970年代
4939,婦女
4940,1947年
4941,1950年代
4942,高雄市
4943,三七事件
4944,1999年
4945,19世紀
4946,全球產業革命
4947,奧斯曼伊斯蘭政權
4948,阿姆利則慘案
4949,印度軍隊的印度
4950,後勤補給的中斷
4951,經濟管理政策失誤
4952,白色抗爭中算了，很有價值
4953,1997年
4954,1960年代
4955,1960年代
4956,三季隊
